symbol,variant_id,trades,net_usd_model,profit_factor,terminal_liquidations,avg_hold_hours,content_hash
adr_event_0_025_candidate_b_agreement_strict|AUDCAD,adr_event_0_025_candidate_b_agreement_strict,1428,3727.85,2.801664,95,78.979885,9A05DE882853C9FCB2BB91252CAB3105974ACC8A4356DAB569922B156E99A652
adr_event_0_025_candidate_b_agreement_strict|AUDCHF,adr_event_0_025_candidate_b_agreement_strict,6055,-52536.7,0.278239,1278,804.113206,78FB4C53F031EDBA3F4A01087608BC4EA8F88B89F491FBCFADC37FC8C6D06158
adr_event_0_025_candidate_b_agreement_strict|AUDJPY,adr_event_0_025_candidate_b_agreement_strict,4593,-10077903.05,0.201671,508,498.636257,CA30CADA5D8FFA650E39F1DED01ED070E2172881E2F066720E19159FF7E5436E
adr_event_0_025_candidate_b_agreement_strict|AUDNZD,adr_event_0_025_candidate_b_agreement_strict,1318,-76891.81,0.045129,458,2274.790975,7BF6201AEC21ABF9FD9FBE529D93BD0BA132B1049D23B493DB324132F6BE8854
adr_event_0_025_candidate_b_agreement_strict|AUDUSD,adr_event_0_025_candidate_b_agreement_strict,3520,18735.72,89.391484,21,97.944699,4BA498B66C998873F51CCF20756143C6090C6EABD00A2BEF087F81BCA4717259
adr_event_0_025_candidate_b_agreement_strict|CADCHF,adr_event_0_025_candidate_b_agreement_strict,7470,32998.23,52.671595,67,240.099809,94C1DDB2F526594402170FE0B3F4F670F84EEA82CF5D6B53523ED937955358DE
adr_event_0_025_candidate_b_agreement_strict|CADJPY,adr_event_0_025_candidate_b_agreement_strict,4360,-1885711.21,0.564182,332,447.429143,69DDBE331C4D6C9DF6BA1D01570AB93667387C13B98070FC0FEF0D7FFC3E788D
adr_event_0_025_candidate_b_agreement_strict|CHFJPY,adr_event_0_025_candidate_b_agreement_strict,5340,-8921021.67,0.242224,357,424.434781,07B39865911BCD8638F4F608A2C0C4C30BB03300EFC78EB9D062D2DCC32A4046
adr_event_0_025_candidate_b_agreement_strict|EURAUD,adr_event_0_025_candidate_b_agreement_strict,2549,6964.5,2.100659,15,115.294812,393FF9D0C8331B215CA3E687539E4FFF76488E71A37C92D147926593E98E1488
adr_event_0_025_candidate_b_agreement_strict|EURCAD,adr_event_0_025_candidate_b_agreement_strict,1180,4511.05,4.460303,98,86.975635,E20714397EEE4AC542630FAACEF7EBFBAE34E254398A9697078C07F8BD625970
adr_event_0_025_candidate_b_agreement_strict|EURCHF,adr_event_0_025_candidate_b_agreement_strict,1312,-547.3,0.870034,487,424.488942,7ADF087FCF147F31702476BD0736A3996FC5CB1D0B572CCE8C277361715838A0
adr_event_0_025_candidate_b_agreement_strict|EURJPY,adr_event_0_025_candidate_b_agreement_strict,2738,-1288491.51,0.507352,224,331.594705,0A30EE367F1D8C17DC856B847AFA61B33DB8245B58A371287CBFD0D69F8BBB44
adr_event_0_025_candidate_b_agreement_strict|EURNZD,adr_event_0_025_candidate_b_agreement_strict,2145,8721.17,3.194674,71,57.613775,B92D833DB1E938EC894FB397511DCEFBBFB39DCB1F000FEE1E629599D3EB3678
adr_event_0_025_candidate_b_agreement_strict|EURUSD,adr_event_0_025_candidate_b_agreement_strict,2459,12041.1,16.73728,16,108.003406,9C74F9C4ACFD5505110A8A7E2C818E2448280B37D8F14E2D86D937553D7051DE
adr_event_0_025_candidate_b_agreement_strict|GBPAUD,adr_event_0_025_candidate_b_agreement_strict,2465,14822.79,,0,107.733562,F4321D9154DD15EFDEB7E33CF355DABF0A279D89C199C56C39EA32AAAAD02257
adr_event_0_025_candidate_b_agreement_strict|GBPCAD,adr_event_0_025_candidate_b_agreement_strict,3727,5633.71,1.417997,117,439.398518,F2392BD4C159543791D365C1BC9608C40F854BDC29E4A0D5C17D2935C6BB53D9
adr_event_0_025_candidate_b_agreement_strict|GBPCHF,adr_event_0_025_candidate_b_agreement_strict,6637,30215.83,31.30769,56,175.308625,B9532C2F3372DFC7FF186E92E35B4A5E89D6DF2F3E4ADF419D941704A40E58DD
adr_event_0_025_candidate_b_agreement_strict|GBPJPY,adr_event_0_025_candidate_b_agreement_strict,2485,-1360420.72,0.563547,144,300.480335,23FAF85BFCA216413B0081EA4AE0DA217239370FAAA8328B61FEE8605195D88A
adr_event_0_025_candidate_b_agreement_strict|GBPNZD,adr_event_0_025_candidate_b_agreement_strict,1710,7191.41,5.300736,27,219.379629,044E5A3CAE4E130972E88EF23AC55E27C6B45320B3DF339F9E03BA68574CC2B9
adr_event_0_025_candidate_b_agreement_strict|GBPUSD,adr_event_0_025_candidate_b_agreement_strict,195,283.22,1.600031,27,66.715248,DA31085A8A4A982CD1E6FF26601F96AD7A9E8F371A111D841745FE3548F175D1
adr_event_0_025_candidate_b_agreement_strict|NZDCAD,adr_event_0_025_candidate_b_agreement_strict,4827,20080.1,14.175603,109,300.385836,ECBBB5CAECA22B8D3F653EC70963A798FA23F18CFC0F10F595780B9F09A8377E
adr_event_0_025_candidate_b_agreement_strict|NZDCHF,adr_event_0_025_candidate_b_agreement_strict,2837,12537.79,184.291189,53,307.301699,D978E95F37D6ED9550A2FC6B8B6ADC0D3A1ACD506E1E86E8F66B61664C84AFE2
adr_event_0_025_candidate_b_agreement_strict|NZDJPY,adr_event_0_025_candidate_b_agreement_strict,3664,-1830661.6,0.510919,329,424.460147,F60D30F9F5459A1F9552788819F6CFBCED30354EE7856FE7262C744D15E1DDC8
adr_event_0_025_candidate_b_agreement_strict|NZDUSD,adr_event_0_025_candidate_b_agreement_strict,3107,13440.64,,0,264.014909,5027A806A7DFED4E60E7D76B7CDEDD3D283B4A1509D4A3746DB78389E63C769E
adr_event_0_025_candidate_b_agreement_strict|USDCAD,adr_event_0_025_candidate_b_agreement_strict,1437,3260.8,2.590738,251,108.934406,22D8B06BD9592E59097E69E392AA7BA71E6D457F9FAA0D8C2E86D7C87F122AEF
adr_event_0_025_candidate_b_agreement_strict|USDCHF,adr_event_0_025_candidate_b_agreement_strict,907,5638.44,,0,54.65176,7FEBFEBC423F5E670F197A8B1C1BDED7E46C3EEB3F6069EC45481CCDC790F715
adr_event_0_025_candidate_b_agreement_strict|USDJPY,adr_event_0_025_candidate_b_agreement_strict,2250,1407.23,1.175796,81,303.978553,9AEC3364F8EBA08AB1ECEBDFD387073DE9C2FAB6C71370F6105668D2736B8C61
adr_event_0_025_candidate_b_fade_strict|AUDCAD,adr_event_0_025_candidate_b_fade_strict,6501,28045.6,41.7194,20,107.123414,944E160B419DF8B1667F09728BA5255A98D62C1B016FBDC98F02B5662A740A1F
adr_event_0_025_candidate_b_fade_strict|AUDCHF,adr_event_0_025_candidate_b_fade_strict,3345,12338.02,8.455058,81,1009.321192,A18BB14CBF54FCE2A92384E314713E40E6624744A7A6659F3AC505E0F4DE0122
adr_event_0_025_candidate_b_fade_strict|AUDJPY,adr_event_0_025_candidate_b_fade_strict,3981,-1419362.26,0.619839,96,231.546561,D0E97C0EA5CF6857B551F09ECC6F61DC7437F234789180C0EF6BBF46999CBB8E
adr_event_0_025_candidate_b_fade_strict|AUDNZD,adr_event_0_025_candidate_b_fade_strict,5951,26626.73,12.993646,101,112.825673,1E03D7F42E8D29DC153C3A1AA8749C495B493BA87DD5E52F06BCD8FF686B7D25
adr_event_0_025_candidate_b_fade_strict|AUDUSD,adr_event_0_025_candidate_b_fade_strict,5373,22529.66,20.684838,49,127.888422,2AB3401CE103A636991B4129C4208A7E07BB8EDAC1D4C5511BF723153B2B66A0
adr_event_0_025_candidate_b_fade_strict|CADCHF,adr_event_0_025_candidate_b_fade_strict,478,2200.76,12.939113,98,146.045688,1345B6E683026A8F3D95F36FAB420ADBF4EE4E3C25A903BEEDF5A5D925DA8B48
adr_event_0_025_candidate_b_fade_strict|CADJPY,adr_event_0_025_candidate_b_fade_strict,2475,-489586,0.709607,107,271.943724,DDA133E0B8908E98134A2168FC37BF4F54A4BDB3DD74FDACBEC576F312A1E377
adr_event_0_025_candidate_b_fade_strict|CHFJPY,adr_event_0_025_candidate_b_fade_strict,458,266605.45,4.078861,8,111.15564,DAF58CEA455EDDB3A1845D999F5C62E9781CE11EBCE69B3343E246F6662B764B
adr_event_0_025_candidate_b_fade_strict|EURAUD,adr_event_0_025_candidate_b_fade_strict,5122,25468.15,8.643772,34,69.447232,2B1F1BC2806BD824B66B8B52D77D800D6921389F87C962570E3A9A3B975CFC50
adr_event_0_025_candidate_b_fade_strict|EURCAD,adr_event_0_025_candidate_b_fade_strict,626,3072.99,,0,85.876441,DA7AC230C8B38847CA4F09AD3F72ECEFFC32B13204F92DA4BD6F91D8D79B667E
adr_event_0_025_candidate_b_fade_strict|EURCHF,adr_event_0_025_candidate_b_fade_strict,259,1220.68,5.052408,37,144.874556,40D742A06BFD365E42C71B5B3A0CD3089BD4FB277B9EE81EBC1ACF6AE20BECD7
adr_event_0_025_candidate_b_fade_strict|EURJPY,adr_event_0_025_candidate_b_fade_strict,1296,686631.22,36.533753,5,72.789943,AAAF48BF127AE3648DD3207442E5B38756BD35BB958CB20354756017F3A0A2B8
adr_event_0_025_candidate_b_fade_strict|EURNZD,adr_event_0_025_candidate_b_fade_strict,5043,9865.67,1.605379,113,165.04875,32DBBF29E7A806CE0B8677485A563D893B1152E3556E2DE78D36D8038395DEC4
adr_event_0_025_candidate_b_fade_strict|EURUSD,adr_event_0_025_candidate_b_fade_strict,4736,9537.69,1.784933,190,369.313536,B4BFB92C49A1AF74B6B13C6E22242D5F4A3ABE07BD9B503C5F75AACAD893FC12
adr_event_0_025_candidate_b_fade_strict|GBPAUD,adr_event_0_025_candidate_b_fade_strict,6645,37515.4,71.97056,27,123.456061,464945F402A55CA1FBCC600DED8FCAB00C3EB3406C9ECD8275107D293EFDC239
adr_event_0_025_candidate_b_fade_strict|GBPCAD,adr_event_0_025_candidate_b_fade_strict,4232,19806.6,11.979635,84,145.44135,B1CED66198CC6FD0FDAA39657DBC80162653E87A206CAFB45B973E6800114105
adr_event_0_025_candidate_b_fade_strict|GBPCHF,adr_event_0_025_candidate_b_fade_strict,733,2767.82,5.324019,105,144.677173,281BC8BB3D3816E105FEAC5AEB2AD32A96C2723912BC368E6AF4E216B36D3629
adr_event_0_025_candidate_b_fade_strict|GBPJPY,adr_event_0_025_candidate_b_fade_strict,2174,1213155.31,28.549815,51,45.391024,BDD52748678234DF089490345A9E0CBC9E80C82A7240FF6A1849C0E67AB79CBE
adr_event_0_025_candidate_b_fade_strict|GBPNZD,adr_event_0_025_candidate_b_fade_strict,5809,13443.91,1.836717,158,196.568023,FD594F8BB20EB21F82C0583190148D1C5CD755628AA095DDC120B0ECD29DA6FD
adr_event_0_025_candidate_b_fade_strict|GBPUSD,adr_event_0_025_candidate_b_fade_strict,1782,8486.69,7.157351,27,69.952605,0F0840855239BB7CF2B2AB2A65247EA6BA5E359BF1FDD2EFB55A12ACB7CD1EE9
adr_event_0_025_candidate_b_fade_strict|NZDCAD,adr_event_0_025_candidate_b_fade_strict,2051,3884.44,1.762369,112,133.135254,FFC72DB3831EF4BE639A8AEDCD10376CEBB2D874FDFA5B49851104DD3FDBF672
adr_event_0_025_candidate_b_fade_strict|NZDCHF,adr_event_0_025_candidate_b_fade_strict,6450,-11655.59,0.660909,879,1293.881965,70EDA4C0A3FB64051B235EC1524AF7E640D53CD7F0C35091B00BDD8B72527154
adr_event_0_025_candidate_b_fade_strict|NZDJPY,adr_event_0_025_candidate_b_fade_strict,4688,269474.35,1.130604,93,289.790703,BA12FB69A57D89A4D12FFFD84482698E6DBAECBD00AFE23B5160BA784C03AF05
adr_event_0_025_candidate_b_fade_strict|NZDUSD,adr_event_0_025_candidate_b_fade_strict,4876,11862.8,2.214497,260,298.540908,E1FD43070BF63A98ECDCEDB97BE3691550CC3A0BB9EE00E8E763B5E33DB02932
adr_event_0_025_candidate_b_fade_strict|USDCAD,adr_event_0_025_candidate_b_fade_strict,3979,8814.76,3.43084,88,233.464611,2DDB404F6C105FD2E1CAE387DFB6FE6F7E9E551F4ED29C8797A11DFF5E156AF0
adr_event_0_025_candidate_b_fade_strict|USDCHF,adr_event_0_025_candidate_b_fade_strict,5776,14750.26,1.998381,334,265.590777,A38111B6ED2F17CFB2B5CA8CEC51A78B8D5EB0D0D99B640142059281694422F8
adr_event_0_025_candidate_b_fade_strict|USDJPY,adr_event_0_025_candidate_b_fade_strict,1900,6661.8,36.417065,45,47.629861,DFCB292A94FC809AC8F47EAFEBB3221F1FBFF022C219A9309DDAD79CC19C08D9
adr_event_0_025_type3_both_no_direction|AUDCAD,adr_event_0_025_type3_both_no_direction,7929,31773.45,12.521009,115,102.05481,6316CE22BB9C5E20004F2B5856E91ED135776C8220259AE460D399F518DAFCCB
adr_event_0_025_type3_both_no_direction|AUDCHF,adr_event_0_025_type3_both_no_direction,9400,-40198.68,0.460019,1359,877.136686,08CCCDBC08FC40B0C72D55CB09974CBDE28E344AA184F88D3D12673C3D13ED61
adr_event_0_025_type3_both_no_direction|AUDJPY,adr_event_0_025_type3_both_no_direction,8574,-11497265.31,0.297118,604,374.623652,48E6362FEE097E234CC109F15CD399D6E8DB95F6129D152C226AD54647BF23BF
adr_event_0_025_type3_both_no_direction|AUDNZD,adr_event_0_025_type3_both_no_direction,7269,-50265.08,0.392537,559,504.828737,B1C9665429BF3B3503FB9B1A87C6B620A698C2A7E7D4B7C46A9C72D4C39FF003
adr_event_0_025_type3_both_no_direction|AUDUSD,adr_event_0_025_type3_both_no_direction,8893,41265.37,31.420898,70,116.036189,454319E924155D020ECC2216DCA3763D95219DA86A0C7345DA176DCF55B30BD1
adr_event_0_025_type3_both_no_direction|CADCHF,adr_event_0_025_type3_both_no_direction,7948,35198.99,43.771915,165,234.443308,EBD8D91AAFDCF8A43F7C56F0A4E5962C2B7DB885013F1A80BBE770E5D2C4F973
adr_event_0_025_type3_both_no_direction|CADJPY,adr_event_0_025_type3_both_no_direction,6835,-2375297.21,0.604958,439,383.884679,3960E00133C3ACF9227460514607868957A364CE7010C5F2DBDB046C883AB51E
adr_event_0_025_type3_both_no_direction|CHFJPY,adr_event_0_025_type3_both_no_direction,5798,-8654416.22,0.270237,365,399.687998,494ED932672FE7E2796AE07D341F2E847166CBB3544B0362FD69516FBFEF75A7
adr_event_0_025_type3_both_no_direction|EURAUD,adr_event_0_025_type3_both_no_direction,7671,32432.66,4.357607,49,84.681945,47E9F11A91A19178315DD1E9155B0BC362CD446580243FF65C3D1EB5316C656B
adr_event_0_025_type3_both_no_direction|EURCAD,adr_event_0_025_type3_both_no_direction,1806,7584.04,6.817506,98,86.59463,2D15F79280DA05BFAB13E1CB4AC85A505C20F5C546578F4914F7C17AC3EA8148
adr_event_0_025_type3_both_no_direction|EURCHF,adr_event_0_025_type3_both_no_direction,1571,673.38,1.149233,524,378.390835,504C2D8428C6735D5DE5484D7DD3428A0ED9C3B55236367DACDA2C68EA04E9EE
adr_event_0_025_type3_both_no_direction|EURJPY,adr_event_0_025_type3_both_no_direction,4034,-601860.29,0.771569,229,248.448703,951F246F8BF52B966C874A310E2DB3E7C95B4F450CAA9164B6A23F3EFB4622B3
adr_event_0_025_type3_both_no_direction|EURNZD,adr_event_0_025_type3_both_no_direction,7188,18586.85,1.916942,184,132.988647,D8D76B0744710BAAEE0EDD3B67E77283B2E57873AD77637D2ADDC2C96FFF43B1
adr_event_0_025_type3_both_no_direction|EURUSD,adr_event_0_025_type3_both_no_direction,7195,21578.8,2.67069,206,280.00685,0A2CE24C72E400BF22F49E4E9D82DCD9FDBF621F306B98D3093133C6193EAAF2
adr_event_0_025_type3_both_no_direction|GBPAUD,adr_event_0_025_type3_both_no_direction,9110,52338.19,100.011888,27,119.201839,1359E16B43F3A8B81028227CA43AE8BBEA00850F607AF159B4736267392085E7
adr_event_0_025_type3_both_no_direction|GBPCAD,adr_event_0_025_type3_both_no_direction,7959,25440.31,2.664745,201,283.094116,AD15815F198A472E018115B87F56B815604FEDEFC2B7D63058D883C06493B82E
adr_event_0_025_type3_both_no_direction|GBPCHF,adr_event_0_025_type3_both_no_direction,7370,32983.65,21.147946,161,172.262105,61F94C1F2594E5FFEAA430C010E6B355C7595A97A24AB362835249A538DD9715
adr_event_0_025_type3_both_no_direction|GBPJPY,adr_event_0_025_type3_both_no_direction,4659,-147265.41,0.953412,195,181.449607,F00593705B15F67C2097DA0D584ECA8F569A4FD6659BFA2342DC2CA5A601AF9F
adr_event_0_025_type3_both_no_direction|GBPNZD,adr_event_0_025_type3_both_no_direction,7519,20635.32,2.163236,185,201.755926,24954FD2494677E4D169F04095E63BE8F373356F72BBC0B8508B9F591E69D314
adr_event_0_025_type3_both_no_direction|GBPUSD,adr_event_0_025_type3_both_no_direction,1977,8769.91,5.73968,54,69.63329,23FE3AA46A5B6E7C0F108057EDD7018D78CF3E4F183C35D1B3382A6B8043FDBD
adr_event_0_025_type3_both_no_direction|NZDCAD,adr_event_0_025_type3_both_no_direction,6878,23964.54,4.620425,221,250.512189,DC88213351D101FB15AA3C621C219C6EE877EA9F8141B775D680B8D321BCEB9C
adr_event_0_025_type3_both_no_direction|NZDCHF,adr_event_0_025_type3_both_no_direction,9287,882.2,1.025614,932,992.500656,C2682BECE53842667E310F1D9D00BE45CD16200D650EDAF75A313798382D7C63
adr_event_0_025_type3_both_no_direction|NZDJPY,adr_event_0_025_type3_both_no_direction,8352,-1561187.25,0.731125,422,348.869827,4677D002F1D646F5ED86714BDC89CEE9E936DB200547A0667F5797BD1F793C27
adr_event_0_025_type3_both_no_direction|NZDUSD,adr_event_0_025_type3_both_no_direction,7983,25303.45,3.590531,260,285.103319,6BD417CD193EC7212CCDA5B8AEB45D48446647C4582EF3440E4E30B9FC3024D6
adr_event_0_025_type3_both_no_direction|USDCAD,adr_event_0_025_type3_both_no_direction,5416,12075.57,3.127445,339,200.423639,BBE98958FA97BA24C251EBD7088E60E283410097125C9FEEC3AADE20AE56B22E
adr_event_0_025_type3_both_no_direction|USDCHF,adr_event_0_025_type3_both_no_direction,6683,20388.7,2.380023,334,236.962662,20970A370BD24F5651C4D8196A4D7923FBA915FEDB29018E6C5B20C839B53453
adr_event_0_025_type3_both_no_direction|USDJPY,adr_event_0_025_type3_both_no_direction,4150,8069.04,1.984871,126,186.614092,2790722765A67236A5871B0690BF15CB1BB8D18D482A691AA965CEDDB7442C80
adr_event_0_025_type3_long_only|AUDCAD,adr_event_0_025_type3_long_only,7195,32078.65,,0,101.479991,9563893767CECA71AD8B1F2FB8EAFA5A9AE2631EF66AB19E6D82A550FD7A620C
adr_event_0_025_type3_long_only|AUDCHF,adr_event_0_025_type3_long_only,3970,14864.57,9.981686,81,951.264216,2CDB1C75DDD59858145912E79B3EB0E0655D9A980B25D89B38DFADAE454CD695
adr_event_0_025_type3_long_only|AUDJPY,adr_event_0_025_type3_long_only,4530,2766102.57,1332.34525,17,48.981838,7A088FB02B8248D1A8D15D7B73C25879F647872498212C70DD2BEC2B2D8235AF
adr_event_0_025_type3_long_only|AUDNZD,adr_event_0_025_type3_long_only,6166,27479.27,13.377661,101,114.77461,219336DBC3EA4C4973CDA9F356F19465954DE25D5C8696A9282AC042349B3A5A
adr_event_0_025_type3_long_only|AUDUSD,adr_event_0_025_type3_long_only,7989,38499.03,,0,114.696083,6D95587044DC02E58BAD47CF876C8B608C4F3D91E393D8D773A4EDDD6E7C91F2
adr_event_0_025_type3_long_only|CADCHF,adr_event_0_025_type3_long_only,726,2771.75,16.036734,98,108.90395,44C626256F7383E813FA6F1294D20B0135FC8817F5F6637403308B2909693B57
adr_event_0_025_type3_long_only|CADJPY,adr_event_0_025_type3_long_only,1275,613526.62,80.544076,72,39.228195,9ABB72ED9CF7D577D5D2845A5B2552889793129164B8D8CD4C281EDDBDDF5B21
adr_event_0_025_type3_long_only|CHFJPY,adr_event_0_025_type3_long_only,746,438141.65,,0,14.72994,E35F1DFD010ACBABE571444E8C52BE8959743E2ECC201939F4A3B3B9AF409000
adr_event_0_025_type3_long_only|EURAUD,adr_event_0_025_type3_long_only,2844,5885.86,1.626162,23,162.764416,DEBF93A1D8368D1CFCB8BDBF4546365EB372DE76E47BE20F20C73CACAB74459F
adr_event_0_025_type3_long_only|EURCAD,adr_event_0_025_type3_long_only,1806,7584.04,6.817506,98,86.59463,F256EB7D396844783251CF914395E4505F6BBFFB2B8924CFF892846FDE5B5F59
adr_event_0_025_type3_long_only|EURCHF,adr_event_0_025_type3_long_only,673,-2240.59,0.269357,404,262.647301,B51663F9E1E095CED961251AB8817E5DF9E52A2DE3009EB219F82098C7D05E6C
adr_event_0_025_type3_long_only|EURJPY,adr_event_0_025_type3_long_only,2077,1010974.19,11.837548,71,65.986175,0567CA7827077D79521C29654835C89D12BB588B8EB35DEEB4C96877B806BD09
adr_event_0_025_type3_long_only|EURNZD,adr_event_0_025_type3_long_only,5023,5557.2,1.274153,184,117.658666,99465EBFAFB99D9FCE697A20077EE918998C9472D1FB6568B8705425C1CD1D3A
adr_event_0_025_type3_long_only|GBPCAD,adr_event_0_025_type3_long_only,4335,19031.55,6.743759,114,127.775849,CCF71E9B92FF56B5B88C0265C4B390AAF769212B9FCBA4DFD5D0B03F59D9A3EE
adr_event_0_025_type3_long_only|GBPCHF,adr_event_0_025_type3_long_only,733,2767.82,5.324019,105,144.677173,CB53017C19C1E6D23DF2694A77C83A89D83B2769954EB5DA54533869A2D0A40F
adr_event_0_025_type3_long_only|GBPJPY,adr_event_0_025_type3_long_only,2054,1162186.27,27.392348,51,43.910907,6698E55C8EF28DDC7B8C619DE8F746411369EA75C06E0F10EA61C5686DE2725B
adr_event_0_025_type3_long_only|GBPNZD,adr_event_0_025_type3_long_only,3399,1286.17,1.086249,120,129.945477,531E5C66D4575A15DD3EDC8AEBC6D1939B21D9E8E37AB3477B8E30ABE4F7691E
adr_event_0_025_type3_long_only|NZDCAD,adr_event_0_025_type3_long_only,6111,27158.15,71.061588,55,266.103963,766755EDCB0C27ACD81D89599FD2432CA9D2DDCB25B3C0E77DF3FC82C64C9DE8
adr_event_0_025_type3_long_only|NZDCHF,adr_event_0_025_type3_long_only,6985,-6282.65,0.808301,860,1172.19271,D388913F0F1F08B5C5171E77C26D661F39CA98582EE21B09EECE73928B44078D
adr_event_0_025_type3_long_only|NZDJPY,adr_event_0_025_type3_long_only,5914,3093962.88,90980.01584,1,99.208003,430E466136474A18DE0B953138DE33093BD7DE8A795FA42633C0B6E0D938B2AD
adr_event_0_025_type3_long_only|NZDUSD,adr_event_0_025_type3_long_only,4786,21854.16,33.196607,32,285.461783,253B5B2D7A04B4E0D9A1320FD144EC91C3653BBF11000E3858D2363B9EFCEB54
adr_event_0_025_type3_long_only|USDCAD,adr_event_0_025_type3_long_only,3400,8255.73,3.797224,67,238.176127,D3F060AA6B95FD590B9071F91835592A20AA22FB9B14E1D2A41672DA3AFB7593
adr_event_0_025_type3_long_only|USDCHF,adr_event_0_025_type3_long_only,5527,13072.77,1.884839,334,264.46729,D8D57731AA6C6D45D842F58BF804ECF98C6280ABD43EA7AFC7A9858F54FC6363
adr_event_0_025_type3_long_only|USDJPY,adr_event_0_025_type3_long_only,1900,6661.8,36.417065,45,47.629861,05E75B33BBC39CB43073F1B17D94DC164BFFBB0FCC02ABBE9B968BA1F1BEBA6B
adr_event_0_025_type3_short_only|AUDCAD,adr_event_0_025_type3_short_only,734,-305.2,0.889334,115,107.68945,A34D0FF5F4DD4CB4C1AC115E164DAEA93DF688C8A9D62F922E56476FFBE6A72A
adr_event_0_025_type3_short_only|AUDCHF,adr_event_0_025_type3_short_only,5430,-55063.25,0.243529,1278,822.940315,0AE030328A80AF417FE27DD59EA02C65B323BC585691C21201C65ED715C25CF7
adr_event_0_025_type3_short_only|AUDJPY,adr_event_0_025_type3_short_only,4044,-14263367.88,0.127903,587,739.400461,4F98A1CA58C7D596AEB929A705BAA6F7EA75D70F2973E1E574B821D28A5FAF70
adr_event_0_025_type3_short_only|AUDNZD,adr_event_0_025_type3_short_only,1103,-77744.35,0.034542,458,2685.31264,7EF3C6E5937E2DB46A563E34185E2DF12A76D1C82EFAA854AA60CF150A29E0CF
adr_event_0_025_type3_short_only|AUDUSD,adr_event_0_025_type3_short_only,904,2766.35,3.039355,70,127.879226,C77CCAA4C2C4AAD09BCE1601542732412FBFEF02856A2443B9875255B100DDB6
adr_event_0_025_type3_short_only|CADCHF,adr_event_0_025_type3_short_only,7222,32427.24,51.777488,67,247.063298,2189DDD336F3A350651093B4144927D588FEDFD45EA896A1FAE86C46FF5A3321
adr_event_0_025_type3_short_only|CADJPY,adr_event_0_025_type3_short_only,5560,-2988823.83,0.502282,367,462.920114,CC6BF3B59AF40F1D2E1EF02AAAE04AE6B31080C9E82CF365EC6224B42CAAA4FB
adr_event_0_025_type3_short_only|CHFJPY,adr_event_0_025_type3_short_only,5052,-9092557.87,0.233292,365,456.532557,B203D6A9936ED83B6BE6C135E6FA36FAD656463DBED6A9E794E6144FF925CC83
adr_event_0_025_type3_short_only|EURAUD,adr_event_0_025_type3_short_only,4827,26546.79,103.279161,26,38.676859,81B861CDAF7546D245D7A72DD3494786D06B7E4930F31BC3C08E7E9805D0C346
adr_event_0_025_type3_short_only|EURCHF,adr_event_0_025_type3_short_only,898,2913.97,3.015633,120,465.13404,EAC2D1AB9A1BE11F23F370751BD4656A1151ABA95E0717F0C47D48435B284770
adr_event_0_025_type3_short_only|EURJPY,adr_event_0_025_type3_short_only,1957,-1612834.48,0.365395,158,442.099532,E453C59EA2BC4E9B81840604F9357D1CE73B3022AA293549C7FF8547AE5A01BE
adr_event_0_025_type3_short_only|EURNZD,adr_event_0_025_type3_short_only,2165,13029.64,,0,168.555618,3CB02CFC05583F4C09C8DA2FAFB777585233B0F48A50C261074F7BE4E30786D2
adr_event_0_025_type3_short_only|EURUSD,adr_event_0_025_type3_short_only,7195,21578.8,2.67069,206,280.00685,130702940EC674919716D8CA83EC19CF339754BA95B47FBDB3AB45C1CD8E1436
adr_event_0_025_type3_short_only|GBPAUD,adr_event_0_025_type3_short_only,9110,52338.19,100.011888,27,119.201839,E2465D81382A3D464AD88E21D1B38A66CC585DECADE27FF89CF3FB904A7679FE
adr_event_0_025_type3_short_only|GBPCAD,adr_event_0_025_type3_short_only,3624,6408.76,1.535474,87,468.884594,9FEA5387E43E23386C87F3471783C41D8B9FEDCEADF92232FF605761219D9CFE
adr_event_0_025_type3_short_only|GBPCHF,adr_event_0_025_type3_short_only,6637,30215.83,31.30769,56,175.308625,9B9AB61E170137DAA0EFB8FCCC7FC9F27E4E6499702BA2C1594AE6382DCE71B7
adr_event_0_025_type3_short_only|GBPJPY,adr_event_0_025_type3_short_only,2605,-1309451.68,0.579899,144,289.896628,F3461BAF4426E86275FC4350D5F2B5AF1B42700F24D368701DB8A0329A51E6CA
adr_event_0_025_type3_short_only|GBPNZD,adr_event_0_025_type3_short_only,4120,19349.15,7.843839,65,260.999546,0645D40B963A18EA8A91AD209AB2FBB8426957233118B3EA05F09ECC45AA0447
adr_event_0_025_type3_short_only|GBPUSD,adr_event_0_025_type3_short_only,1977,8769.91,5.73968,54,69.63329,47FC5F39E3F930E280D0EFC43B03DBA7BAF3A81944504BF20C3CFC0728D19EB1
adr_event_0_025_type3_short_only|NZDCAD,adr_event_0_025_type3_short_only,767,-3193.61,0.487516,166,126.286201,55B8D075921DDA98D0F475AC5ECED601F0C1B64DD2AB4C38655C97087764EAB3
adr_event_0_025_type3_short_only|NZDCHF,adr_event_0_025_type3_short_only,2302,7164.85,5.295389,72,447.257824,EC377344C10D55A898B858869A424E90F67F836E3A535E8E111A8BE6F6B90CA7
adr_event_0_025_type3_short_only|NZDJPY,adr_event_0_025_type3_short_only,2438,-4655150.13,0.198262,421,954.489197,659DD08C614604513A55BCD380DADADC31453B2CFBE6DD30F701DA109C93BAB1
adr_event_0_025_type3_short_only|NZDUSD,adr_event_0_025_type3_short_only,3197,3449.29,1.379505,228,284.566688,674A1AE17D8E2120293E3F042712FD6FB717295B82C3124180DEFC7A27782E1E
adr_event_0_025_type3_short_only|USDCAD,adr_event_0_025_type3_short_only,2016,3819.83,2.401935,272,136.753769,FEBFE3E5BE4FC173116BA716A97F826C44CA3868F1D1EADC519F379368C86F2A
adr_event_0_025_type3_short_only|USDCHF,adr_event_0_025_type3_short_only,1156,7315.93,,0,105.459133,62AB68C289F337283DDD964BC8ABFAEE1D4A2DA98BEB2716C17952B2B0908C41
adr_event_0_025_type3_short_only|USDJPY,adr_event_0_025_type3_short_only,2250,1407.23,1.175796,81,303.978553,68B0F61EF5A14EA021436A50D57FE85FF8963AB44965627207706A5D02FA817B
adr_event_0_05_candidate_b_agreement_strict|AUDCAD,adr_event_0_05_candidate_b_agreement_strict,305,1519.19,114.38667,2,84.592235,A47C0DE606904F1B4D9AAFF092E2E80D042B6BA3787A32F2CE40DD409CAE832C
adr_event_0_05_candidate_b_agreement_strict|AUDCHF,adr_event_0_05_candidate_b_agreement_strict,150,600.7,,0,573.891222,2C79F43E38DDA7C39E3652960C89055C4B75790C2DFAEA74965197D43EC5C3B7
adr_event_0_05_candidate_b_agreement_strict|AUDJPY,adr_event_0_05_candidate_b_agreement_strict,1849,-2981940.87,0.272103,189,403.404666,04FC16669A62F518C4A9EFE0B70B95EB8E9C55505B25AC70D7D756E547E07FA4
adr_event_0_05_candidate_b_agreement_strict|AUDNZD,adr_event_0_05_candidate_b_agreement_strict,1064,-23745.96,0.143263,231,1060.714869,C14CA7D08333879558C2A9BA3967F2848B59EE82C289A42A5724D7F21D320BA5
adr_event_0_05_candidate_b_agreement_strict|CHFJPY,adr_event_0_05_candidate_b_agreement_strict,817,-356049.11,0.621928,39,252.514383,37B405D7AB4A0D27941198A01AAA99D861FBDBB9699DF89B1852AC0C270CDB1E
adr_event_0_05_candidate_b_agreement_strict|EURAUD,adr_event_0_05_candidate_b_agreement_strict,559,3436.08,,0,142.448282,978191A09526FCDB776BA20330CC2CA7283B2850ADF492C6B16076C60AFC45F2
adr_event_0_05_candidate_b_agreement_strict|EURJPY,adr_event_0_05_candidate_b_agreement_strict,931,168653.38,1.306634,46,224.547771,7F74B7026E81234DF987C257C864C7D573C8BE1E46A018D48E94F3C0995D5868
adr_event_0_05_candidate_b_agreement_strict|EURNZD,adr_event_0_05_candidate_b_agreement_strict,795,3791.15,15.244619,2,105.122653,6C9E4486A08DD35537DB97DE42E65EA87C4B37CC5DB6ABFDF8B52194E8FCFBE0
adr_event_0_05_candidate_b_agreement_strict|EURUSD,adr_event_0_05_candidate_b_agreement_strict,184,966.73,6.357103,4,79.099728,3399FCD74D6C78D07057870D930A85359D2F29E4F242D43E388AE976B5258426
adr_event_0_05_candidate_b_agreement_strict|GBPAUD,adr_event_0_05_candidate_b_agreement_strict,419,2888.04,,0,38.558394,4771F9F33CC010B7B8D5DEB57C93007ACF0CF296905A181AEA8089F1A8DCA480
adr_event_0_05_candidate_b_agreement_strict|GBPJPY,adr_event_0_05_candidate_b_agreement_strict,935,268147.52,1.434453,33,169.400997,3122B596687630DF42DC08328A7DB95CA1A487ACD7752A3C0C24263FB9EB9BEC
adr_event_0_05_candidate_b_agreement_strict|GBPUSD,adr_event_0_05_candidate_b_agreement_strict,41,75.33,1.803838,5,53.521463,9B2C65FC27599AAD34D7D2CDAE16C56959C02B5D2FBDA7EEDACC40AC47ACFA0F
adr_event_0_05_candidate_b_agreement_strict|NZDCHF,adr_event_0_05_candidate_b_agreement_strict,702,2814.45,248.201521,9,335.139029,2C85D699A01954014923D3DDC28ED066356177561F8C11F9931F8FB822E38F4E
adr_event_0_05_candidate_b_agreement_strict|USDCHF,adr_event_0_05_candidate_b_agreement_strict,116,356.03,2.251522,3,364.424315,90EFD30D5D731B4B0CD7802AEC9FF562220278ABF01251AEC7F153E8773E52E1
adr_event_0_05_candidate_b_fade_strict|AUDCAD,adr_event_0_05_candidate_b_fade_strict,1534,7212.68,,0,108.110059,9113EAC4C293EBA901E09218AACA3BE7BC64122752446BBC204C85D82187D6B7
adr_event_0_05_candidate_b_fade_strict|AUDCHF,adr_event_0_05_candidate_b_fade_strict,1724,7426.26,63.108521,42,179.215593,F8B328294A7A62534416FCEE71E33325314E4836F040908F79755AC80D19DB19
adr_event_0_05_candidate_b_fade_strict|AUDJPY,adr_event_0_05_candidate_b_fade_strict,144,88824.97,,0,100.568657,18E2DA7690A3CF002263D8FE8F14601B6D47600A22F89F825DFE6182DAFD40D5
adr_event_0_05_candidate_b_fade_strict|AUDNZD,adr_event_0_05_candidate_b_fade_strict,605,3095.38,,0,174.927268,0477A00C8CDA3F5D1BC58278EEA29EFFE944FBF4C1A4226F00E73DCCE4BD4A38
adr_event_0_05_candidate_b_fade_strict|CHFJPY,adr_event_0_05_candidate_b_fade_strict,117,71823.69,4.109416,2,87.148599,532C29CA3ECC04586A75D650F34E4BA61A370429AE514E342FC3DD59F4A7B7CD
adr_event_0_05_candidate_b_fade_strict|EURAUD,adr_event_0_05_candidate_b_fade_strict,1192,7495.92,99.746782,6,81.793631,6B47703606F2EFF15773F86D20340180DE1938DD1DC3AD4C4E4AE1354E7BC5F0
adr_event_0_05_candidate_b_fade_strict|EURJPY,adr_event_0_05_candidate_b_fade_strict,54,51376.2,,0,13.718272,F87A62E2A81E43858BB6B81F90531EF479967C28AE15308F038C0E214CEEE49A
adr_event_0_05_candidate_b_fade_strict|EURNZD,adr_event_0_05_candidate_b_fade_strict,884,4186.26,3.523747,31,393.328913,E2F690D27207B23B0BEBAE5E1A2501CDAF65EFAB86EE3E8E28AF4FCA0602761B
adr_event_0_05_candidate_b_fade_strict|EURUSD,adr_event_0_05_candidate_b_fade_strict,308,766.16,2.526976,25,88.884446,CE6166206AA2951FF0AE15D077F5D66450504FE89832507513E661F96F1A7ECE
adr_event_0_05_candidate_b_fade_strict|GBPAUD,adr_event_0_05_candidate_b_fade_strict,1377,8541.67,71.555359,6,61.197825,DE7B0661AEDF64BE87A5528A4117D118A13EB6ED33578F2B7E0CE4291AF404AE
adr_event_0_05_candidate_b_fade_strict|GBPJPY,adr_event_0_05_candidate_b_fade_strict,167,124084.73,38549.187048,5,30.547864,CC6408367E836FAD8C40CAF7C65C5ABDA7A534A1BC442307BEC9C2EC4864BCA3
adr_event_0_05_candidate_b_fade_strict|GBPUSD,adr_event_0_05_candidate_b_fade_strict,415,2004.58,4.71307,10,75.901064,33550B5F1BC65269F19B68CCA8FCA054B12DE27B6BD72E7A6DCFEF90844A160C
adr_event_0_05_candidate_b_fade_strict|NZDCHF,adr_event_0_05_candidate_b_fade_strict,1080,-357.64,0.918208,145,1176.400013,7AA8D3120A02D192D933D77CAF6E9A60696BEB20E5C21BB9B481E2343C217C0F
adr_event_0_05_candidate_b_fade_strict|USDCHF,adr_event_0_05_candidate_b_fade_strict,1461,-5674.76,0.579331,154,676.24705,4B77A7CAEB486C03CB1F03A1ACA16BE9C97154A30ECE9E0FBAC6B851E95F81E8
adr_event_0_05_type3_both_no_direction|AUDCAD,adr_event_0_05_type3_both_no_direction,1839,8731.87,652.714839,2,104.209604,42DE0EF5476596D183DE91E33AAA501F3703BABD76E8B19F50474C9AB0EBBE86
adr_event_0_05_type3_both_no_direction|AUDCHF,adr_event_0_05_type3_both_no_direction,1874,8026.96,68.132374,42,210.806492,FAEE881D0394BDFA909A99F60ED423DC57366F67F4FCD07D5EBB2CBBF079CACA
adr_event_0_05_type3_both_no_direction|AUDJPY,adr_event_0_05_type3_both_no_direction,1993,-2893115.89,0.293785,189,381.523891,BE53C0E5C6901E5527FD8505779A96CA889BDE16FBD6B2E919FE5606EBC6BEE6
adr_event_0_05_type3_both_no_direction|AUDNZD,adr_event_0_05_type3_both_no_direction,1669,-20650.58,0.254942,231,739.623498,3F73533F4AFA4B1EBDF2BD2724F7434B35758094924BF83EE0AB2CAEC404F6B5
adr_event_0_05_type3_both_no_direction|CHFJPY,adr_event_0_05_type3_both_no_direction,934,-284225.42,0.70542,41,231.799397,46882B2AAB9B08E6ABD9EDA71A13817314334EB50B370ABD8D37046FEEB5D21E
adr_event_0_05_type3_both_no_direction|EURAUD,adr_event_0_05_type3_both_no_direction,1751,10932.01,145.011651,6,101.157394,0AF47E2486D0D7F6C1EBD4BC0496FE1B1B064DDA92E5C552CDDDE34EAEB422F3
adr_event_0_05_type3_both_no_direction|EURJPY,adr_event_0_05_type3_both_no_direction,985,220029.58,1.400043,46,212.989606,15FACB2BC5C367C439405B736536593C7834567BFF44484D837D0246BC076936
adr_event_0_05_type3_both_no_direction|EURNZD,adr_event_0_05_type3_both_no_direction,1679,7977.41,5.144339,33,256.864365,245676D1A161352918B767E97A4B91BCCFC57FCE6B91F6AA386023863C1DF34B
adr_event_0_05_type3_both_no_direction|EURUSD,adr_event_0_05_type3_both_no_direction,492,1732.9,3.540121,29,85.225121,953A8A723E188190134FFC518956552BCCB903522EBCBEF13A8A7B764E1B2249
adr_event_0_05_type3_both_no_direction|GBPAUD,adr_event_0_05_type3_both_no_direction,1796,11429.71,95.410939,6,55.916131,CEEF27B1850107B991274C061DEADE92758F9096D7134FF5B0019FEAF0C09268
adr_event_0_05_type3_both_no_direction|GBPJPY,adr_event_0_05_type3_both_no_direction,1102,392232.24,1.635492,38,148.358825,3BDB4158BC2501C49555C474B6FFFC90FF549DEB5382186223D8FA4AD3EAD7DA
adr_event_0_05_type3_both_no_direction|GBPUSD,adr_event_0_05_type3_both_no_direction,456,2079.91,4.282765,15,73.888863,65399DB4A9AADCDCF65143119D07388C5273E628E8063E3685768BDBF551732D
adr_event_0_05_type3_both_no_direction|NZDCHF,adr_event_0_05_type3_both_no_direction,1782,2456.81,1.560414,154,844.994171,702B4B29E06C25E60233482B9FE3C1AB63CB697D3DD0B000903DF1F4E253361E
adr_event_0_05_type3_both_no_direction|USDCHF,adr_event_0_05_type3_both_no_direction,1577,-5318.73,0.613866,157,653.310184,57729A8C6A6EDE0E3A94ABA615EED99969C5A0FE1C5D5F9A379D5827E149C91E
adr_event_0_05_type3_long_only|AUDCAD,adr_event_0_05_type3_long_only,1839,8731.87,652.714839,2,104.209604,2C92491675906712714ADAAFD7A4BFB8B2302D072AE8180220B01B993230BB77
adr_event_0_05_type3_long_only|AUDCHF,adr_event_0_05_type3_long_only,1874,8026.96,68.132374,42,210.806492,EB9BDD8388336A955D414D6C1DA597235C79270A471991935DAFA8273586E74A
adr_event_0_05_type3_long_only|AUDJPY,adr_event_0_05_type3_long_only,691,450633.78,,0,59.539459,8239E9C71FC3DA729FA77D1E368F2A355DDFAD6915CE3E2BD8CBB864F84D7546
adr_event_0_05_type3_long_only|AUDNZD,adr_event_0_05_type3_long_only,643,3242.35,,0,173.156184,C7055710B9AF04A8AE314A42F3928F9575E911E799586F95F679288D26B85F60
adr_event_0_05_type3_long_only|CHFJPY,adr_event_0_05_type3_long_only,191,151212.51,,0,11.487053,A9921069080171A494C7EB85B3C6A0A490C12047F1BEAC0522A23B50AA57A39B
adr_event_0_05_type3_long_only|EURJPY,adr_event_0_05_type3_long_only,170,117971.3,,9,61.362513,97F5E455D0D7B99CAE8C0797ED9F346A01FC608903D24A168CF4933628F23336
adr_event_0_05_type3_long_only|GBPJPY,adr_event_0_05_type3_long_only,145,116671.43,36246.172183,5,13.659119,C6D5023DEA6E2161025BB8165B4C5EB49CC45046159B8B364D649689BAF9D141
adr_event_0_05_type3_long_only|NZDCHF,adr_event_0_05_type3_long_only,1782,2456.81,1.560414,154,844.994171,5EB8BBDF310A0B314B9CE6CBD069C001A8F0E7EBC111415DC4BF7C557831EE7D
adr_event_0_05_type3_long_only|USDCHF,adr_event_0_05_type3_long_only,1577,-5318.73,0.613866,157,653.310184,6FEE6DB9FFA5A22E666FEE9F7173B70633D807C2BE7F28325DBDBDB8A94206BA
adr_event_0_05_type3_short_only|AUDJPY,adr_event_0_05_type3_short_only,1302,-3343749.67,0.183784,189,552.408102,D74A6164831789E81FC9E10C7629854F9E4246E5B436BB8F223D424CE6677806
adr_event_0_05_type3_short_only|AUDNZD,adr_event_0_05_type3_short_only,1026,-23892.94,0.13796,231,1094.631766,7DFB467098A0791DFB3D5378E963F47E0C4578A53720BEDA4AB14DA5A326FA43
adr_event_0_05_type3_short_only|CHFJPY,adr_event_0_05_type3_short_only,743,-435437.93,0.548698,41,288.434199,0EDC9E2E755FD861F625167AA108D5B7C829BE51EF317214DA571796A7061AFA
adr_event_0_05_type3_short_only|EURAUD,adr_event_0_05_type3_short_only,1751,10932.01,145.011651,6,101.157394,64949D31C7771338FAE4EE8076C0D3B33CB660927752ACC6BBA3C4AE82724453
adr_event_0_05_type3_short_only|EURJPY,adr_event_0_05_type3_short_only,815,102058.27,1.185555,37,244.617343,F0400C34C929C7A86E180DC144AD170E522BA8FA8E46E112E36AD38DEA25815B
adr_event_0_05_type3_short_only|EURNZD,adr_event_0_05_type3_short_only,1679,7977.41,5.144339,33,256.864365,B65C5F2F6CEACB708A8B599E2FC11216C03C3C3BE6EBC8FC2DB381C55217CDA0
adr_event_0_05_type3_short_only|EURUSD,adr_event_0_05_type3_short_only,492,1732.9,3.540121,29,85.225121,36CB965879C94D1681767C5B8C4C2923B123F3040554E4E9E77226BA21E4375A
adr_event_0_05_type3_short_only|GBPAUD,adr_event_0_05_type3_short_only,1796,11429.71,95.410939,6,55.916131,B7D096C3EE5637E38A126EF5EEA3E78ABC304F67EDCF40F7A462EEA4CF540B45
adr_event_0_05_type3_short_only|GBPJPY,adr_event_0_05_type3_short_only,957,275560.81,1.446464,33,168.767872,0F131D5EBEBCDE433E7E4CF7A26129EAA632F3133B6E6B87ABAF62BC0239A36D
adr_event_0_05_type3_short_only|GBPUSD,adr_event_0_05_type3_short_only,456,2079.91,4.282765,15,73.888863,D45DCBDBFF0A69C590FF7F826E19540F4DB9F5B551F41A6642AE21CA80F6DDE7
adr_event_0_075_candidate_b_agreement_strict|AUDCHF,adr_event_0_075_candidate_b_agreement_strict,61,251.54,,0,473.358461,41198F97A4C8ECCB5F053E5420D2C4E4B9C11EBCA7B5774730F5CF019E48D078
adr_event_0_075_candidate_b_agreement_strict|AUDUSD,adr_event_0_075_candidate_b_agreement_strict,403,2162.58,54.79617,6,82.12224,3592595A2E2CAA3063ABEF2A1EF7B1767A5A5B6FE7B7FAD3056BBCB67A237EAC
adr_event_0_075_candidate_b_agreement_strict|EURAUD,adr_event_0_075_candidate_b_agreement_strict,250,1531.84,,0,146.095711,71E8886C6C298541150D4C5C9A871D80CF60923D683DCD1CD82B89B6B94CC1B0
adr_event_0_075_candidate_b_agreement_strict|GBPAUD,adr_event_0_075_candidate_b_agreement_strict,180,1473.06,,0,41.007315,DAEB813E2B366B67CB81FA2A1CB4E45819BA82EB10E692D3A3FD18FCA336A3FF
adr_event_0_075_candidate_b_agreement_strict|NZDCHF,adr_event_0_075_candidate_b_agreement_strict,316,1239.51,169.506786,20,368.160977,B716F0DFA2188EF622D3426EE9185A8DDD4850A07C81A2C43C5614C92341D4F5
adr_event_0_075_candidate_b_fade_strict|AUDCHF,adr_event_0_075_candidate_b_fade_strict,749,3439.03,63.038991,12,176.266676,EBABB44A06F9602C71671C017A5FE5E89CC792D428EC3D525A3BFCE612C09DEA
adr_event_0_075_candidate_b_fade_strict|AUDUSD,adr_event_0_075_candidate_b_fade_strict,416,2121.57,86.428956,13,148.893692,4241BD6F8F5417A0B408ABC6224F2CBDA96902E5FCE8C6DF58F4453C7F6643DF
adr_event_0_075_candidate_b_fade_strict|EURAUD,adr_event_0_075_candidate_b_fade_strict,551,3690.96,80.502124,5,67.775342,DFE3AF563C9B6468D8322E32AC3BAACB3DA77CB3FD96AC71968D38FCCE3AA0FA
adr_event_0_075_candidate_b_fade_strict|GBPAUD,adr_event_0_075_candidate_b_fade_strict,624,4511.02,129.286906,2,59.117502,A64AFC7642084E0691D536E2DA3040D68F515A9F6DB7CF05509A143CDB7DE3DC
adr_event_0_075_candidate_b_fade_strict|NZDCHF,adr_event_0_075_candidate_b_fade_strict,449,213.78,1.13516,65,1085.70539,CF71A270B0F85A83824EACC85814D29F5EA4B05F9A7B988C6956D44A4737C096
adr_event_0_075_candidate_b_fade_strict|USDJPY,adr_event_0_075_candidate_b_fade_strict,227,912.47,45.724311,2,61.265015,3F1B9040E0F98A89AAF98CE8A763B84782DB87CBE84F4E0196B629C20F0B6108
adr_event_0_075_type3_both_no_direction|AUDCHF,adr_event_0_075_type3_both_no_direction,810,3690.57,67.576619,12,198.640255,3F5B87B756C2B412691FF9AC15D29D87F7CD3767D2B627B27D9D7D050B44214A
adr_event_0_075_type3_both_no_direction|AUDUSD,adr_event_0_075_type3_both_no_direction,819,4284.15,66.875715,19,116.037898,70FE5C7C07076E1229A2563CD5C983ADAA44B28D5FFD752D56AA390216E403F1
adr_event_0_075_type3_both_no_direction|EURAUD,adr_event_0_075_type3_both_no_direction,801,5222.8,113.497356,5,92.219901,23FBFD0DA1EB63368C4DB90295CDA0ACF64270AE3C6FA8B1B0ACE10C05028E39
adr_event_0_075_type3_both_no_direction|GBPAUD,adr_event_0_075_type3_both_no_direction,804,5984.08,171.178718,2,55.062982,063A575420484E92E332930BCF0FD48EA4603D47A36771A051ED20457565761A
adr_event_0_075_type3_both_no_direction|NZDCHF,adr_event_0_075_type3_both_no_direction,765,1453.29,1.914578,85,789.307959,1779E4266126D748F8E54A8E9109AE58BB6CEA1E9F7911B63DA1EB1EFAC94389
adr_event_0_075_type3_both_no_direction|USDJPY,adr_event_0_075_type3_both_no_direction,227,912.47,45.724311,2,61.265015,C78DE140947144D6B778C2A9592BF62F514E2C6309D0A9FB98EED9091859ACEF
adr_event_0_075_type3_long_only|AUDCHF,adr_event_0_075_type3_long_only,810,3690.57,67.576619,12,198.640255,2FB88097F62647175EA10D00A2518ADC06026A35DFF60589B4DC65EB74E41D88
adr_event_0_075_type3_long_only|AUDUSD,adr_event_0_075_type3_long_only,819,4284.15,66.875715,19,116.037898,FF1C4363022C48871F8C28E29A86484CF0A89A0736DBEBB7F5AECC2148D7F4BD
adr_event_0_075_type3_long_only|NZDCHF,adr_event_0_075_type3_long_only,765,1453.29,1.914578,85,789.307959,46C80376F4A528CBFC49DF0532827436DEE12B9EE427250E79916C37DC0A828E
adr_event_0_075_type3_long_only|USDJPY,adr_event_0_075_type3_long_only,227,912.47,45.724311,2,61.265015,2484AD7F5F5185A0B636D45057CBE7C1AA122D159A73FF30F43DEC4E2F3541E2
adr_event_0_075_type3_short_only|EURAUD,adr_event_0_075_type3_short_only,801,5222.8,113.497356,5,92.219901,A0D6980BEE4B33E8F991536539A1D3B901D493A49C23B88AF0DBD41B1C0F8EBA
adr_event_0_075_type3_short_only|GBPAUD,adr_event_0_075_type3_short_only,804,5984.08,171.178718,2,55.062982,BEEC0267B5B530F7650C458378FD3534EE613731296B273A5344695974E18CED
adr_event_0_10_candidate_b_agreement_strict|EURAUD,adr_event_0_10_candidate_b_agreement_strict,143,838.19,,0,166.662265,D8CC63F96481CE09A64445B6436374C6EAFBE0B7407AD6E654E28EC86E50428A
adr_event_0_10_candidate_b_agreement_strict|NZDCHF,adr_event_0_10_candidate_b_agreement_strict,149,658.94,66.91658,11,434.015481,8C13086142E404E0E23B52D9373EE1916DD0D4C1E7DA62C8342D3B490AEFE3D7
adr_event_0_10_candidate_b_fade_strict|EURAUD,adr_event_0_10_candidate_b_fade_strict,321,2449.5,71.439176,6,85.60122,1896965EC64DB8B9499B0F3FB345900D02BB632A897C21796925D467A0AFA43B
adr_event_0_10_candidate_b_fade_strict|NZDCHF,adr_event_0_10_candidate_b_fade_strict,239,96.18,1.110997,32,1064.707538,C13E223A9649A9E75EF941A1325C991F04A2575757610E93931B4226570838BD
adr_event_0_10_type3_both_no_direction|EURAUD,adr_event_0_10_type3_both_no_direction,464,3287.7,95.542718,6,110.583395,352634FD4E64D3FEDD8563B38FDD337E696B189E9270DD10203A08DB14190A81
adr_event_0_10_type3_both_no_direction|NZDCHF,adr_event_0_10_type3_both_no_direction,388,755.13,1.86149,43,822.508784,169228269DDE1F9808079C9B9DA624538B27A18CABB3DF941FAAB8554413008A
adr_event_0_10_type3_long_only|NZDCHF,adr_event_0_10_type3_long_only,388,755.13,1.86149,43,822.508784,971BDEFA95236D1909C811647D7EC155A869616C289285488F5C7299631C75A8
adr_event_0_10_type3_short_only|EURAUD,adr_event_0_10_type3_short_only,464,3287.7,95.542718,6,110.583395,3B2C868606EE001CB0A4E7D3F3456F13DD836A9D14A7E8EDE69AC057A9AD2046
time_h1_candidate_b_agreement_strict|AUDCHF,time_h1_candidate_b_agreement_strict,16,65.26,,0,314.124444,886BF4766D00B5CE57A45547B88649085A409016414C268089E4C66A5AC8F4FD
time_h1_candidate_b_agreement_strict|NZDCHF,time_h1_candidate_b_agreement_strict,63,269.62,145.957725,7,409.634519,859CAF39FBA2F4414C14C9E7C810F6E0B3D96CE51CD35464514A892CD0AAA883
time_h1_candidate_b_agreement_strict|USDCHF,time_h1_candidate_b_agreement_strict,4,-70.04,0.255822,1,2122.249792,158A4F61CBA0BC2BE9C086A59A9D40FE0CE04FE89AE9FA53EA62F4128C7B33C1
time_h1_candidate_b_fade_strict|AUDCHF,time_h1_candidate_b_fade_strict,189,825.52,40.23578,9,271.057745,791C8F6A4AD52ABCBB2A239E6F6DB71B1F82944319A8F269A1892A64ECB61AC0
time_h1_candidate_b_fade_strict|NZDCHF,time_h1_candidate_b_fade_strict,96,-147.3,0.689817,17,1281.916261,0F93A4912BD503627F0971A666E01F779750B57BAC2E8E2EE748C6082F8B3353
time_h1_candidate_b_fade_strict|USDCHF,time_h1_candidate_b_fade_strict,176,-473.42,0.656755,19,585.760958,FEA2495A2B6589B64C2BE8C7C93BBD7CC7089FBC5E5B645143F1D1A01718314E
time_h1_type3_both_no_direction|AUDCHF,time_h1_type3_both_no_direction,205,890.78,43.337494,9,274.419048,5BB2F37C4E61DF0410365C24F044CBA640A87AD4EDBC8CD6564921DCCB969271
time_h1_type3_both_no_direction|NZDCHF,time_h1_type3_both_no_direction,159,122.32,1.256576,24,936.295194,31ABD782A8A7E43BB6015175E443D1326DB92456BFABE2F18048A6FEECE37B0A
time_h1_type3_both_no_direction|USDCHF,time_h1_type3_both_no_direction,180,-543.46,0.631143,20,619.905154,1CE6935745BBA58D7E4428F70421882ED2A79E365C5B7BD9E422D11B102E138F
time_h1_type3_long_only|AUDCHF,time_h1_type3_long_only,205,890.78,43.337494,9,274.419048,0A7229220F0387A77162AB468E39B567298858B957CC55E9F33BC18CB74CA027
time_h1_type3_long_only|NZDCHF,time_h1_type3_long_only,159,122.32,1.256576,24,936.295194,ED9F0B5D4EFE2FE80AB0E05021C34A1AB62CBB2C51C6A4D109B0FE1DC20559B4
time_h1_type3_long_only|USDCHF,time_h1_type3_long_only,180,-543.46,0.631143,20,619.905154,8DF6891E0F0CAAFAD819056BF005AFF4755896E3EBD19252DC589EFB958883F2
