rule_id,rule_family,base_rule_id,flip_policy,age_bucket,event_count,open_loss_adr,realized_loss_adr,flip_loss_adr,recovery_rate,average_time_to_recovery_hours,worst_pair,worst_pair_loss_adr,worst_currency,worst_currency_loss_adr,content_hash
CARRY_UNTIL_FLIP,control,,current_forced_flip_close,1_2_weeks,128,-0.266919,-92.333093,-92.333093,0,,USDCHF,-8.222029,USD,-32.364394,7D294646536A082AFCE933B6C6331C553D4521AFA43AC699325BA0A724C1DD63
CARRY_UNTIL_FLIP,control,,current_forced_flip_close,9_13_weeks,84,-1.827368,-79.487934,-79.487934,0,,GBPJPY,-23.130161,GBP,-38.654691,48C83EDF97B156572AA8B998B940FE4C9CBBB817FF07F8E8E6CB1E25CE1388B4
CARRY_UNTIL_FLIP,control,,current_forced_flip_close,13_plus_weeks,205,-106.968507,-424.38828,-424.38828,0,,AUDNZD,-61.238891,JPY,-202.150445,17E2B82B7D0C6CA317BE7CCB75F024039CB02705425FB575230619AC0412F6CC
CARRY_UNTIL_FLIP,control,,current_forced_flip_close,3_4_weeks,139,-2.057177,-97.1781,-97.1781,0,,NZDUSD,-14.694147,USD,-39.276673,2A8FE980CBFADDF976391FA0DF58EF0CF6AC448A3A081E5BF5276808CB5D5140
CARRY_UNTIL_FLIP,control,,current_forced_flip_close,5_8_weeks,125,-5.84582,-114.415424,-114.415424,0,,USDJPY,-15.534752,USD,-44.469524,DA7528EE5100091FCA652C4A3D1B1A75EFD31FF8874F1EDC2519BFFE122193DE
CARRY_UNTIL_FLIP,control,,current_forced_flip_close,same_week,249,0,-155.633897,-155.633897,0,,EURAUD,-13.425709,AUD,-49.363771,DF05E752756ADD34F3FBB8F1192D6E005E852F086FED370C333FF347E74BDC97
PAIR_NET_GRID_CYCLE_TARGET_075_SPACING_020_RESTART_UNTIL_FLIP,adverse_only_pair_net_grid,,current_forced_flip_close,same_week,27692,-24.130746,-2580.116603,-2580.116603,0.971878,21.05,EURAUD,-368.66894,AUD,-920.039239,BF003D859DD2D5B0E7981371D3DC8166EE72F5599E46D5B25E0D6889E50640C3
PAIR_NET_GRID_CYCLE_TARGET_075_SPACING_020_RESTART_UNTIL_FLIP,adverse_only_pair_net_grid,,current_forced_flip_close,1_2_weeks,979,-106.671015,-1394.956092,-1394.956092,0.914198,210.183333,USDCAD,-130.160042,USD,-537.49597,6AAC2C219882579F0B3924712E1804C2FF7979B79D5BEF06DD5C8201C7A69D99
PAIR_NET_GRID_CYCLE_TARGET_075_SPACING_020_RESTART_UNTIL_FLIP,adverse_only_pair_net_grid,,current_forced_flip_close,3_4_weeks,330,-33.471982,-1007.72799,-1007.72799,0.9,451.733333,GBPCHF,-151.728632,GBP,-501.930345,E6C119341D4FB6261F31268C05ADE04318393345AAA3CA924A9FFC9BB124E97B
PAIR_NET_GRID_CYCLE_TARGET_075_SPACING_020_RESTART_UNTIL_FLIP,adverse_only_pair_net_grid,,current_forced_flip_close,5_8_weeks,143,-111.833923,-1470.581865,-1470.581865,0.853147,860.575,USDCAD,-267.457688,USD,-919.166605,AF940AD4A9DD7E5138E94A12051036D04AD461F1E760297090E747C8792170C0
PAIR_NET_GRID_CYCLE_TARGET_075_SPACING_020_RESTART_UNTIL_FLIP,adverse_only_pair_net_grid,,current_forced_flip_close,13_plus_weeks,36,-4180.217386,-3404.205026,-3404.205026,0.694444,3277.283333,AUDNZD,-3352.567334,AUD,-4787.740417,B54FE006B20726A1932D19F6AD014A8C8AB0EB2AF3D2C73BC70EFB752E9E6721
PAIR_NET_GRID_CYCLE_TARGET_075_SPACING_020_RESTART_UNTIL_FLIP,adverse_only_pair_net_grid,,current_forced_flip_close,9_13_weeks,50,-24.810429,-958.36341,-958.36341,0.9,1686.016667,AUDCAD,-608.323278,AUD,-753.293938,4667123F44B270EFE457F879C42B17CF1FA4F152F6648C37E062E923578B6438
PAIR_TWO_SIDED_GRID_TARGET_150_SPACING_020_RESTART_UNTIL_FLIP,pair_directional_two_sided_grid,,current_forced_flip_close,same_week,17653,-20.837184,-3070.308829,-3070.308829,0.958502,25.441667,EURAUD,-387.346613,AUD,-1112.330668,E5C24761B2A18F8C56DE143BFC2DD3F2B1E72739572E3020B7137B4469DE0EAF
PAIR_TWO_SIDED_GRID_TARGET_150_SPACING_020_RESTART_UNTIL_FLIP,pair_directional_two_sided_grid,,current_forced_flip_close,1_2_weeks,1222,-137.305544,-1749.431327,-1749.431327,0.917349,214.666667,USDCAD,-182.30078,USD,-769.448725,92A7D9C1C42B1659245F38433E6E49E880FEEE33C09CEB2A826B88D968A19A4B
PAIR_TWO_SIDED_GRID_TARGET_150_SPACING_020_RESTART_UNTIL_FLIP,pair_directional_two_sided_grid,,current_forced_flip_close,3_4_weeks,457,-5.404647,-1888.539932,-1888.539932,0.875274,438.208334,NZDUSD,-225.63503,GBP,-742.22976,4438BA81B3C19399C34A9CE0BCDFDD0BC7523EE7FCCDA271707628E7B9E1EC3F
PAIR_TWO_SIDED_GRID_TARGET_150_SPACING_020_RESTART_UNTIL_FLIP,pair_directional_two_sided_grid,,current_forced_flip_close,5_8_weeks,193,-177.670398,-1985.533686,-1985.533686,0.84456,864.416667,USDCAD,-403.373156,USD,-1301.481333,6B3FF58416951DDE309E8E7A664D61D3B8F093CDE6C2636DB31F0A72F1EF194A
PAIR_TWO_SIDED_GRID_TARGET_150_SPACING_020_RESTART_UNTIL_FLIP,pair_directional_two_sided_grid,,current_forced_flip_close,13_plus_weeks,44,-5336.344379,-4939.113262,-4939.113262,0.704545,3173.966667,AUDNZD,-3354.169251,AUD,-5966.943436,6346742982B0DA8A124F144248EE0348BF3CA0D99AF13FD97DD46F15F4EFC1A4
PAIR_TWO_SIDED_GRID_TARGET_150_SPACING_020_RESTART_UNTIL_FLIP,pair_directional_two_sided_grid,,current_forced_flip_close,9_13_weeks,64,-40.686086,-1035.888222,-1035.888222,0.875,1759.758334,AUDCAD,-615.97793,AUD,-774.573811,C76A5BC54B0D5CA49976998C1938969DE1B3B948A3268B5AFA6A6FE15853FC4F
PAIR_TWO_SIDED_GRID_T075_S020_STOP_AFTER_2_PAIR_RESETS_WEEK,pair_reset_limit,,current_forced_flip_close,same_week,15571,-94.388069,-979.235144,-979.235144,0.99211,15.4,NZDJPY,-102.461186,NZD,-362.047157,3D0D834BE4D4FF60BF78353B28CC1E78E9BE26F2849CD586F28D964F5004CFB9
PAIR_TWO_SIDED_GRID_T075_S020_STOP_AFTER_2_PAIR_RESETS_WEEK,pair_reset_limit,,current_forced_flip_close,1_2_weeks,558,-3.606858,-697.008228,-697.008228,0.953405,205.241667,GBPCAD,-146.241817,GBP,-357.858552,853F4A9CF911CA43E99EB17DF6AFF1F215DD6EBAF415F27320C9D66DF6FA2F22
PAIR_TWO_SIDED_GRID_T075_S020_STOP_AFTER_2_PAIR_RESETS_WEEK,pair_reset_limit,,current_forced_flip_close,3_4_weeks,193,-54.10093,-563.930505,-563.930505,0.88601,413.35,AUDNZD,-89.58766,NZD,-295.437582,6D3377D467D51B022D024CFB9D6F9FC66C45E13A1376DD857F9373B93255670D
PAIR_TWO_SIDED_GRID_T075_S020_STOP_AFTER_2_PAIR_RESETS_WEEK,pair_reset_limit,,current_forced_flip_close,5_8_weeks,85,-82.507479,-893.849738,-893.849738,0.882353,881.216667,AUDCAD,-357.793296,CAD,-670.824668,DA8BAF015CBF9BABD151638B98CF49B9EFF3460A1B47EEB2E03A89C0C028D619
PAIR_TWO_SIDED_GRID_T075_S020_STOP_AFTER_2_PAIR_RESETS_WEEK,pair_reset_limit,,current_forced_flip_close,13_plus_weeks,18,-146.633187,-547.202943,-547.202943,0.833333,3743.8,AUDNZD,-412.419708,AUD,-693.83613,C8ABE8BFBDFB1C31D16FFC27A042D4A7986EA7F62905EA3A90567A469A92BE0D
PAIR_TWO_SIDED_GRID_T075_S020_STOP_AFTER_2_PAIR_RESETS_WEEK,pair_reset_limit,,current_forced_flip_close,9_13_weeks,31,0,-108.352968,-108.352968,0.967742,1736.466667,AUDUSD,-108.352968,AUD,-108.352968,769D9691446359671AC2C15715C6A63718863CA74C03DA87110DDDF2C6FECEEB
PAIR_TWO_SIDED_GRID_T075_S020_STOP_AFTER_3_PAIR_RESETS_WEEK,pair_reset_limit,,current_forced_flip_close,same_week,20803,-75.617638,-1468.688205,-1468.688205,0.988404,15.416667,GBPUSD,-154.85901,USD,-529.594575,64C6C54B323FEC23668E98F2482391EB0DD3671516EF9BEC15BF6BE8573DBB96
PAIR_TWO_SIDED_GRID_T075_S020_STOP_AFTER_3_PAIR_RESETS_WEEK,pair_reset_limit,,current_forced_flip_close,5_8_weeks,115,-82.507479,-1198.768118,-1198.768118,0.869565,885.15,AUDCAD,-403.456879,CAD,-716.488251,F2D25B68BF7B08820DA58636249D95C4A670A6CF32C9D7A26F480C63F4F72B08
PAIR_TWO_SIDED_GRID_T075_S020_STOP_AFTER_3_PAIR_RESETS_WEEK,pair_reset_limit,,current_forced_flip_close,1_2_weeks,745,-22.507867,-1122.781762,-1122.781762,0.938255,204.583333,GBPCAD,-146.241817,CAD,-404.25811,A1355EA1B58E9958860FC65421E13ACD84E0B37549818C4F86A45C3FC0B0F90F
PAIR_TWO_SIDED_GRID_T075_S020_STOP_AFTER_3_PAIR_RESETS_WEEK,pair_reset_limit,,current_forced_flip_close,3_4_weeks,262,-54.10093,-686.478399,-686.478399,0.908397,416.05,GBPJPY,-118.633712,NZD,-296.165356,44ED4CECA1412D4864A7256A227A792483F3DFF984CFA2911C052D6183306B98
PAIR_TWO_SIDED_GRID_T075_S020_STOP_AFTER_3_PAIR_RESETS_WEEK,pair_reset_limit,,current_forced_flip_close,13_plus_weeks,22,-2073.550175,-547.202943,-547.202943,0.863636,3743.8,AUDNZD,-2339.336696,AUD,-2620.753118,B32DF3D0A146BA741134128DC6902A486E7DFA53BB0CFB2F3E4624F881A32D47
PAIR_TWO_SIDED_GRID_T075_S020_STOP_AFTER_3_PAIR_RESETS_WEEK,pair_reset_limit,,current_forced_flip_close,9_13_weeks,35,0,-108.352968,-108.352968,0.971429,1697.783333,AUDUSD,-108.352968,AUD,-108.352968,032E3A694652BE67CD56AE505383866723D1D0723383D642EDE238ECB2089AF4
PAIR_TWO_SIDED_GRID_T100_S020_STOP_AFTER_3_PAIR_RESETS_WEEK,pair_reset_limit,,current_forced_flip_close,same_week,18347,-85.284191,-1684.276876,-1684.276876,0.98273,20.516667,GBPUSD,-159.56905,USD,-628.175277,E36214F414DE0EF6BEF4EC18F4849CB663816CC070498F58F91B9272FC99F688
PAIR_TWO_SIDED_GRID_T100_S020_STOP_AFTER_3_PAIR_RESETS_WEEK,pair_reset_limit,,current_forced_flip_close,5_8_weeks,138,-84.176156,-1197.225007,-1197.225007,0.876812,881.066667,USDCAD,-276.63971,USD,-1023.389572,D5642A1322F27CF2E69A77E18101BC869603D324363EE9711C411150D935F946
PAIR_TWO_SIDED_GRID_T100_S020_STOP_AFTER_3_PAIR_RESETS_WEEK,pair_reset_limit,,current_forced_flip_close,1_2_weeks,894,-23.759667,-1083.381682,-1083.381682,0.939597,204.6,USDCAD,-134.109429,USD,-391.978539,06C524CFD0892AEB02B0FE5CEC48ED1A948EED7E7D66EABE5F7BE586E023D27C
PAIR_TWO_SIDED_GRID_T100_S020_STOP_AFTER_3_PAIR_RESETS_WEEK,pair_reset_limit,,current_forced_flip_close,3_4_weeks,345,-49.400878,-1061.382432,-1061.382432,0.901449,419.816667,GBPJPY,-230.441919,GBP,-512.951855,D9F1DD9FEABBFA0EAA564A4E3B40C45865D54C10254C8F7313EEE952815822B9
PAIR_TWO_SIDED_GRID_T100_S020_STOP_AFTER_3_PAIR_RESETS_WEEK,pair_reset_limit,,current_forced_flip_close,9_13_weeks,43,-35.619723,-729.862652,-729.862652,0.906977,1748.366667,AUDCAD,-621.509684,AUD,-765.482375,41D565FF90960D07D1564C0AB7842F48B03AA23FD0E41D3C811C67F462C92C12
PAIR_TWO_SIDED_GRID_T100_S020_STOP_AFTER_3_PAIR_RESETS_WEEK,pair_reset_limit,,current_forced_flip_close,13_plus_weeks,21,-2073.0693,-541.15384,-541.15384,0.857143,3776.325,AUDNZD,-2332.806718,AUD,-2614.22314,6F791A57B5B6FB328E317044218F29BD65E46953B945E48216695B0B11374ED1
PAIR_TWO_SIDED_GRID_T125_S020_STOP_AFTER_3_PAIR_RESETS_WEEK,pair_reset_limit,,current_forced_flip_close,same_week,16084,-84.566249,-1943.790473,-1943.790473,0.975487,24.266667,GBPUSD,-166.019026,USD,-659.282054,41295744883AC3956F94612A28E47B35B7DCE5231D516AF869EF1F87A59F6CE6
PAIR_TWO_SIDED_GRID_T125_S020_STOP_AFTER_3_PAIR_RESETS_WEEK,pair_reset_limit,,current_forced_flip_close,1_2_weeks,1048,-24.019263,-1149.628505,-1149.628505,0.938931,205.116667,NZDUSD,-156.410904,USD,-492.866936,4FE99DEB379C4E452F06D51BB1495FA9EE4EFF4E7A68E33D871A1D7FBD7A7C33
PAIR_TWO_SIDED_GRID_T125_S020_STOP_AFTER_3_PAIR_RESETS_WEEK,pair_reset_limit,,current_forced_flip_close,5_8_weeks,155,-81.529317,-1473.515242,-1473.515242,0.864516,875.525,USDCAD,-268.221586,USD,-1047.081656,3E6871855B4AB9F87E30DE1E230339F617DCA521B4B11BA4421132C91D2F27F3
PAIR_TWO_SIDED_GRID_T125_S020_STOP_AFTER_3_PAIR_RESETS_WEEK,pair_reset_limit,,current_forced_flip_close,3_4_weeks,374,-49.295001,-1051.074017,-1051.074017,0.903743,431.441667,GBPJPY,-122.019772,CAD,-437.835454,FFD75E6EF0A1A817F70B3061D1D1B22610151142DC3CF962BD2ADA95099D23F8
PAIR_TWO_SIDED_GRID_T125_S020_STOP_AFTER_3_PAIR_RESETS_WEEK,pair_reset_limit,,current_forced_flip_close,9_13_weeks,47,-24.810429,-745.635203,-745.635203,0.914894,1691.95,AUDCAD,-628.671368,AUD,-761.834765,941949F4685914B26B2041038C9DA7F68B68FCE08673C5BC209960DC0E68B7F8
PAIR_TWO_SIDED_GRID_T125_S020_STOP_AFTER_3_PAIR_RESETS_WEEK,pair_reset_limit,,current_forced_flip_close,13_plus_weeks,28,-4204.952653,-882.330391,-882.330391,0.785714,3463.083333,AUDNZD,-3379.115039,AUD,-4746.106493,7E24808180F1ABB3C81A43F1F0A35FB411892BFF0DEA80F3957A0FD8E173DCAD
PAIR_NET_GRID_CYCLE_TARGET_075_SPACING_020_RESTART_UNTIL_FLIP__FLIP_LOSER_WAREHOUSE,flip_counterfactual,PAIR_NET_GRID_CYCLE_TARGET_075_SPACING_020_RESTART_UNTIL_FLIP,warehouse_losing_flip_no_new_fills,same_week,27580,-24.130746,-1903.364313,0,0.986794,21.35,EURAUD,-327.534324,AUD,-702.211264,3D64F12EB6DF0E56E229E471CCCE231CA001E81F570399E707C90F1E8866C2F8
PAIR_NET_GRID_CYCLE_TARGET_075_SPACING_020_RESTART_UNTIL_FLIP__FLIP_LOSER_WAREHOUSE,flip_counterfactual,PAIR_NET_GRID_CYCLE_TARGET_075_SPACING_020_RESTART_UNTIL_FLIP,warehouse_losing_flip_no_new_fills,1_2_weeks,1040,-106.671015,-1708.522151,0,0.911538,210.1,GBPAUD,-156.824824,USD,-610.893212,85F3EA46275B055A40B120F1775772897897446B6622B630B0B79BA324BF4E1F
PAIR_NET_GRID_CYCLE_TARGET_075_SPACING_020_RESTART_UNTIL_FLIP__FLIP_LOSER_WAREHOUSE,flip_counterfactual,PAIR_NET_GRID_CYCLE_TARGET_075_SPACING_020_RESTART_UNTIL_FLIP,warehouse_losing_flip_no_new_fills,3_4_weeks,360,-33.471982,-1285.409933,0,0.877778,454.025,GBPCAD,-152.395881,GBP,-579.363982,3EF5C81DEB8AFDDDA3E7002008DDB06DB5FA263683E913F8D1A2282F2029A869
PAIR_NET_GRID_CYCLE_TARGET_075_SPACING_020_RESTART_UNTIL_FLIP__FLIP_LOSER_WAREHOUSE,flip_counterfactual,PAIR_NET_GRID_CYCLE_TARGET_075_SPACING_020_RESTART_UNTIL_FLIP,warehouse_losing_flip_no_new_fills,5_8_weeks,154,-111.833923,-1611.696794,0,0.824675,863.833333,USDCAD,-268.475424,USD,-949.596135,7DEA425DD42A2A796EAD6E5EBDDFEE5AB00A8A446190C51168C25E7A3B3D555C
PAIR_NET_GRID_CYCLE_TARGET_075_SPACING_020_RESTART_UNTIL_FLIP__FLIP_LOSER_WAREHOUSE,flip_counterfactual,PAIR_NET_GRID_CYCLE_TARGET_075_SPACING_020_RESTART_UNTIL_FLIP,warehouse_losing_flip_no_new_fills,13_plus_weeks,42,-4180.217386,-3468.736449,0,0.595238,3277.283333,AUDNZD,-3360.741624,AUD,-4807.142506,6E14FAEEB00EC4D85E85FA70553C199A0884ABFF5E51F275347DB59A0F80EA62
PAIR_NET_GRID_CYCLE_TARGET_075_SPACING_020_RESTART_UNTIL_FLIP__FLIP_LOSER_WAREHOUSE,flip_counterfactual,PAIR_NET_GRID_CYCLE_TARGET_075_SPACING_020_RESTART_UNTIL_FLIP,warehouse_losing_flip_no_new_fills,9_13_weeks,54,-24.810429,-1012.258752,0,0.851852,1709.208334,AUDCAD,-618.112749,AUD,-776.778146,DDF444F6592DAFE766497DD2827F7C060819082009FCD8A5152F55D1A03DBB6A
PAIR_NET_GRID_CYCLE_TARGET_075_SPACING_020_RESTART_UNTIL_FLIP__FLIP_GRACE_1W,flip_counterfactual,PAIR_NET_GRID_CYCLE_TARGET_075_SPACING_020_RESTART_UNTIL_FLIP,grace_window_losing_flip_no_new_fills,same_week,27514,-24.130746,0,0,0.989604,21.35,NZDJPY,-11.712953,JPY,-17.149541,89C77EE048F5017174178811CC17A7CE4CCD1225D67BF01C4E0628B9A8BE5B7F
PAIR_NET_GRID_CYCLE_TARGET_075_SPACING_020_RESTART_UNTIL_FLIP__FLIP_GRACE_1W,flip_counterfactual,PAIR_NET_GRID_CYCLE_TARGET_075_SPACING_020_RESTART_UNTIL_FLIP,grace_window_losing_flip_no_new_fills,3_4_weeks,379,-33.471982,-2128.61751,0,0.831135,450.95,USDCAD,-233.743446,USD,-761.794035,946B36EE12FDC813FB46FA2FB28DDF063F338860AF063EF4BD8B5B0E7731BF83
PAIR_NET_GRID_CYCLE_TARGET_075_SPACING_020_RESTART_UNTIL_FLIP__FLIP_GRACE_1W,flip_counterfactual,PAIR_NET_GRID_CYCLE_TARGET_075_SPACING_020_RESTART_UNTIL_FLIP,grace_window_losing_flip_no_new_fills,1_2_weeks,1102,-106.671015,-2565.537946,0,0.875681,210.183333,GBPUSD,-384.034772,USD,-1175.038109,ACCB33172BE5E02E1C1EEEF05F2B7CA6B336DFEFA5CFFA0D4D66ED4F2DD99F1D
PAIR_NET_GRID_CYCLE_TARGET_075_SPACING_020_RESTART_UNTIL_FLIP__FLIP_GRACE_1W,flip_counterfactual,PAIR_NET_GRID_CYCLE_TARGET_075_SPACING_020_RESTART_UNTIL_FLIP,grace_window_losing_flip_no_new_fills,5_8_weeks,147,-111.833923,-1485.007402,0,0.863946,863.833333,AUDUSD,-397.015224,USD,-858.942115,01585F1BBA66CD1C380B8A9CE475D79CD23A86483F46CC263A140EB5870BA344
PAIR_NET_GRID_CYCLE_TARGET_075_SPACING_020_RESTART_UNTIL_FLIP__FLIP_GRACE_1W,flip_counterfactual,PAIR_NET_GRID_CYCLE_TARGET_075_SPACING_020_RESTART_UNTIL_FLIP,grace_window_losing_flip_no_new_fills,9_13_weeks,52,-24.810429,-590.767779,0,0.884615,1683.333334,GBPJPY,-224.118433,NZD,-250.31628,F9F73719BC00820F9365C36F5D682C083C587AD424C5D890820C07E41D1D2854
PAIR_NET_GRID_CYCLE_TARGET_075_SPACING_020_RESTART_UNTIL_FLIP__FLIP_GRACE_1W,flip_counterfactual,PAIR_NET_GRID_CYCLE_TARGET_075_SPACING_020_RESTART_UNTIL_FLIP,grace_window_losing_flip_no_new_fills,13_plus_weeks,36,-4180.217386,-3082.339088,0,0.694444,3277.283333,AUDNZD,-3309.059207,AUD,-4789.836329,F17377A4BE4550B360C4B02E389323B8965590DA4BA4BAD05B3EEE733D4CC597
PAIR_NET_GRID_CYCLE_TARGET_075_SPACING_020_RESTART_UNTIL_FLIP__FLIP_CLOSE_SMALL_LOSS_WAREHOUSE_GT3ADR,flip_counterfactual,PAIR_NET_GRID_CYCLE_TARGET_075_SPACING_020_RESTART_UNTIL_FLIP,close_small_loss_warehouse_large_loss,same_week,27638,-24.130746,-2178.862842,-305.945434,0.975357,21.083333,EURAUD,-333.869547,AUD,-778.023815,FCF4A41A857C3CFF712CA1E82BDB098720BBF4A2B41154F21B0B8864C2E0F33A
PAIR_NET_GRID_CYCLE_TARGET_075_SPACING_020_RESTART_UNTIL_FLIP__FLIP_CLOSE_SMALL_LOSS_WAREHOUSE_GT3ADR,flip_counterfactual,PAIR_NET_GRID_CYCLE_TARGET_075_SPACING_020_RESTART_UNTIL_FLIP,close_small_loss_warehouse_large_loss,1_2_weeks,1013,-106.671015,-1665.819337,-2.436089,0.910168,210.3,GBPAUD,-156.824824,USD,-595.809207,D6A10D2B01FB88ADD0E8C47C3E806F8C23048DA27DBE6FA7277A91F40ADB6F18
PAIR_NET_GRID_CYCLE_TARGET_075_SPACING_020_RESTART_UNTIL_FLIP__FLIP_CLOSE_SMALL_LOSS_WAREHOUSE_GT3ADR,flip_counterfactual,PAIR_NET_GRID_CYCLE_TARGET_075_SPACING_020_RESTART_UNTIL_FLIP,close_small_loss_warehouse_large_loss,3_4_weeks,345,-33.471982,-1225.218919,0,0.884058,453.066667,GBPCAD,-152.395881,GBP,-564.323452,FD09A2D274D1EC2213A1E9F6E3BEEDCA74B06763F02E0033257A2D86DC311908
PAIR_NET_GRID_CYCLE_TARGET_075_SPACING_020_RESTART_UNTIL_FLIP__FLIP_CLOSE_SMALL_LOSS_WAREHOUSE_GT3ADR,flip_counterfactual,PAIR_NET_GRID_CYCLE_TARGET_075_SPACING_020_RESTART_UNTIL_FLIP,close_small_loss_warehouse_large_loss,5_8_weeks,148,-111.833923,-1539.066537,-2.613695,0.837838,857,USDCAD,-268.475424,USD,-934.56532,00B2CEFA0B3618335380B03D82B76DC1FB882D357C8833277D6F5231708BAB7D
PAIR_NET_GRID_CYCLE_TARGET_075_SPACING_020_RESTART_UNTIL_FLIP__FLIP_CLOSE_SMALL_LOSS_WAREHOUSE_GT3ADR,flip_counterfactual,PAIR_NET_GRID_CYCLE_TARGET_075_SPACING_020_RESTART_UNTIL_FLIP,close_small_loss_warehouse_large_loss,13_plus_weeks,36,-4180.217386,-3426.672827,0,0.694444,3277.283333,AUDNZD,-3360.741624,AUD,-4794.721298,4DC239FA92CE7285E5AF8225D67708060E9F2A3ACD6A5BA2E3FEA4661C26380B
PAIR_NET_GRID_CYCLE_TARGET_075_SPACING_020_RESTART_UNTIL_FLIP__FLIP_CLOSE_SMALL_LOSS_WAREHOUSE_GT3ADR,flip_counterfactual,PAIR_NET_GRID_CYCLE_TARGET_075_SPACING_020_RESTART_UNTIL_FLIP,close_small_loss_warehouse_large_loss,9_13_weeks,50,-24.810429,-967.00368,0,0.9,1686.016667,AUDCAD,-618.112749,AUD,-761.564084,79BACBD195804EB23E59BA68747C7730998A751CC9007C1B4F8C5DCB7F7117B2
PAIR_NET_GRID_CYCLE_TARGET_075_SPACING_020_RESTART_UNTIL_FLIP__NO_FLIP_FORCE_DIAGNOSTIC,flip_counterfactual,PAIR_NET_GRID_CYCLE_TARGET_075_SPACING_020_RESTART_UNTIL_FLIP,no_flip_force_no_new_fills,same_week,27514,-24.130746,0,0,0.989604,21.35,NZDJPY,-11.712953,JPY,-17.149541,5644D362FC2C25F21A012203A3633F57CCDA43B38583E9AAF09A3F0A75755A0F
PAIR_NET_GRID_CYCLE_TARGET_075_SPACING_020_RESTART_UNTIL_FLIP__NO_FLIP_FORCE_DIAGNOSTIC,flip_counterfactual,PAIR_NET_GRID_CYCLE_TARGET_075_SPACING_020_RESTART_UNTIL_FLIP,no_flip_force_no_new_fills,3_4_weeks,365,-33.471982,0,0,0.991781,455.433334,EURUSD,-31.702403,EUR,-31.702403,392C10518A58C291A5B7353D965243D4FCF003856C63EBE868E11D69BE14D0F0
PAIR_NET_GRID_CYCLE_TARGET_075_SPACING_020_RESTART_UNTIL_FLIP__NO_FLIP_FORCE_DIAGNOSTIC,flip_counterfactual,PAIR_NET_GRID_CYCLE_TARGET_075_SPACING_020_RESTART_UNTIL_FLIP,no_flip_force_no_new_fills,1_2_weeks,997,-106.671015,0,0,0.98997,212.4,GBPNZD,-29.985386,GBP,-55.908435,6523E55DC3A8C490C97C5B1575635036142A5413AE18687EDD251FF5BE98CED6
PAIR_NET_GRID_CYCLE_TARGET_075_SPACING_020_RESTART_UNTIL_FLIP__NO_FLIP_FORCE_DIAGNOSTIC,flip_counterfactual,PAIR_NET_GRID_CYCLE_TARGET_075_SPACING_020_RESTART_UNTIL_FLIP,no_flip_force_no_new_fills,5_8_weeks,175,-121.886699,0,0,0.982857,870.366667,USDCAD,-81.529317,USD,-111.833923,8E42507AED9B63500A02589BB35865BD8C6E419433984A99B26EA54D34E332E1
PAIR_NET_GRID_CYCLE_TARGET_075_SPACING_020_RESTART_UNTIL_FLIP__NO_FLIP_FORCE_DIAGNOSTIC,flip_counterfactual,PAIR_NET_GRID_CYCLE_TARGET_075_SPACING_020_RESTART_UNTIL_FLIP,no_flip_force_no_new_fills,13_plus_weeks,113,-13225.981918,0,0,0.707965,3860.741667,AUDNZD,-4387.044473,AUD,-8763.476537,1922EBC7D53791625D21B20690F2BC05382709755F1F86CEBC7719BF31FD1F8D
PAIR_NET_GRID_CYCLE_TARGET_075_SPACING_020_RESTART_UNTIL_FLIP__NO_FLIP_FORCE_DIAGNOSTIC,flip_counterfactual,PAIR_NET_GRID_CYCLE_TARGET_075_SPACING_020_RESTART_UNTIL_FLIP,no_flip_force_no_new_fills,9_13_weeks,66,-24.810429,0,0,0.984848,1680.65,EURAUD,-24.810429,EUR,-24.810429,58169140FFEF1DF715D8047CACF3FA6375854FA6AB2C49C17D4A7F61E275A128
PAIR_TWO_SIDED_GRID_TARGET_150_SPACING_020_RESTART_UNTIL_FLIP__FLIP_LOSER_WAREHOUSE,flip_counterfactual,PAIR_TWO_SIDED_GRID_TARGET_150_SPACING_020_RESTART_UNTIL_FLIP,warehouse_losing_flip_no_new_fills,same_week,17516,-20.837184,-1962.911474,0,0.982057,26.016667,EURAUD,-327.347548,AUD,-773.489956,504935E045A99C9C5EB978C3BA9AF25E47546F71D31651A052099E4F2984C0BF
PAIR_TWO_SIDED_GRID_TARGET_150_SPACING_020_RESTART_UNTIL_FLIP__FLIP_LOSER_WAREHOUSE,flip_counterfactual,PAIR_TWO_SIDED_GRID_TARGET_150_SPACING_020_RESTART_UNTIL_FLIP,warehouse_losing_flip_no_new_fills,1_2_weeks,1313,-137.305544,-2430.93932,0,0.908606,214.133333,USDCAD,-214.733063,USD,-906.748763,B7511B475D73F850C6E589713C6B43D74CFF57A5BA3ACFEEB58C8520F03646DC
PAIR_TWO_SIDED_GRID_TARGET_150_SPACING_020_RESTART_UNTIL_FLIP__FLIP_LOSER_WAREHOUSE,flip_counterfactual,PAIR_TWO_SIDED_GRID_TARGET_150_SPACING_020_RESTART_UNTIL_FLIP,warehouse_losing_flip_no_new_fills,3_4_weeks,485,-5.404647,-2205.188436,0,0.861856,446.683333,NZDUSD,-230.604762,GBP,-869.585672,0CC1E0432742B570BEFC0F6054B2F7A738AEBE0B06F6BA514FD14CBDC17A83F6
PAIR_TWO_SIDED_GRID_TARGET_150_SPACING_020_RESTART_UNTIL_FLIP__FLIP_LOSER_WAREHOUSE,flip_counterfactual,PAIR_TWO_SIDED_GRID_TARGET_150_SPACING_020_RESTART_UNTIL_FLIP,warehouse_losing_flip_no_new_fills,5_8_weeks,201,-177.670398,-2082.259556,0,0.840796,864.416667,USDCAD,-404.852391,USD,-1315.928612,D1E562A9D43A1F4C6422FEFE0DF163EDA93D07B70612D954A4DE8437831A5542
PAIR_TWO_SIDED_GRID_TARGET_150_SPACING_020_RESTART_UNTIL_FLIP__FLIP_LOSER_WAREHOUSE,flip_counterfactual,PAIR_TWO_SIDED_GRID_TARGET_150_SPACING_020_RESTART_UNTIL_FLIP,warehouse_losing_flip_no_new_fills,13_plus_weeks,46,-5336.344379,-4982.401741,0,0.673913,3173.966667,AUDNZD,-3362.452064,AUD,-5985.789512,78722A5E2419A98A790413D7DB126BB63185046C1E3BBC15B565C22C8961ED2C
PAIR_TWO_SIDED_GRID_TARGET_150_SPACING_020_RESTART_UNTIL_FLIP__FLIP_LOSER_WAREHOUSE,flip_counterfactual,PAIR_TWO_SIDED_GRID_TARGET_150_SPACING_020_RESTART_UNTIL_FLIP,warehouse_losing_flip_no_new_fills,9_13_weeks,72,-40.686086,-1128.25193,0,0.819444,1743.016667,AUDCAD,-625.875349,AUD,-797.992951,33F2EA379DA4111D3C84488DABE25220C7227DC768CFF6A958D7F00E0D66CC8C
PAIR_TWO_SIDED_GRID_TARGET_150_SPACING_020_RESTART_UNTIL_FLIP__FLIP_GRACE_1W,flip_counterfactual,PAIR_TWO_SIDED_GRID_TARGET_150_SPACING_020_RESTART_UNTIL_FLIP,grace_window_losing_flip_no_new_fills,same_week,17446,-20.837184,0,0,0.986604,26.016667,EURJPY,-6.175234,EUR,-12.245023,756B0ABFE5F7BD3FC80FC869133C8A34E8477FFD9E79E45AE00DDBB69D403CBF
PAIR_TWO_SIDED_GRID_TARGET_150_SPACING_020_RESTART_UNTIL_FLIP__FLIP_GRACE_1W,flip_counterfactual,PAIR_TWO_SIDED_GRID_TARGET_150_SPACING_020_RESTART_UNTIL_FLIP,grace_window_losing_flip_no_new_fills,3_4_weeks,514,-5.404647,-3056.672186,0,0.832685,438.208334,USDCAD,-322.916687,USD,-1020.91379,27F8FEF429CBD3812D8B13ADC1CED4F04CBAB866D688274D4FF2FB5A617832BE
PAIR_TWO_SIDED_GRID_TARGET_150_SPACING_020_RESTART_UNTIL_FLIP__FLIP_GRACE_1W,flip_counterfactual,PAIR_TWO_SIDED_GRID_TARGET_150_SPACING_020_RESTART_UNTIL_FLIP,grace_window_losing_flip_no_new_fills,1_2_weeks,1361,-137.305544,-3124.920343,0,0.891256,213.666667,GBPUSD,-406.440412,USD,-1347.577745,5D2DCC49251D52E6906287E5E78C071B905D2DCEA9F490DDF8905D3DB63B5FBE
PAIR_TWO_SIDED_GRID_TARGET_150_SPACING_020_RESTART_UNTIL_FLIP__FLIP_GRACE_1W,flip_counterfactual,PAIR_TWO_SIDED_GRID_TARGET_150_SPACING_020_RESTART_UNTIL_FLIP,grace_window_losing_flip_no_new_fills,5_8_weeks,200,-177.670398,-1973.339078,0,0.86,862.825,AUDUSD,-411.971742,USD,-1150.967422,6E63C3F59E46101516E08F94F8B6C489D21C5D78F44A5586963F90EE350C958B
PAIR_TWO_SIDED_GRID_TARGET_150_SPACING_020_RESTART_UNTIL_FLIP__FLIP_GRACE_1W,flip_counterfactual,PAIR_TWO_SIDED_GRID_TARGET_150_SPACING_020_RESTART_UNTIL_FLIP,grace_window_losing_flip_no_new_fills,9_13_weeks,68,-40.686086,-933.877874,0,0.867647,1743.016667,GBPJPY,-267.269112,USD,-372.629777,E26CBAE8769838F38D2421C7556BE00E6AB6F7E61C2670A34413EA721AD4B295
PAIR_TWO_SIDED_GRID_TARGET_150_SPACING_020_RESTART_UNTIL_FLIP__FLIP_GRACE_1W,flip_counterfactual,PAIR_TWO_SIDED_GRID_TARGET_150_SPACING_020_RESTART_UNTIL_FLIP,grace_window_losing_flip_no_new_fills,13_plus_weeks,44,-5336.344379,-4647.07486,0,0.704545,3173.966667,AUDNZD,-3310.083507,AUD,-5969.207363,8C325D3A815E7E9A663659D4D07911043DBF43E1FF0009FDD7B75626CF486C9E
PAIR_TWO_SIDED_GRID_TARGET_150_SPACING_020_RESTART_UNTIL_FLIP__FLIP_CLOSE_SMALL_LOSS_WAREHOUSE_GT3ADR,flip_counterfactual,PAIR_TWO_SIDED_GRID_TARGET_150_SPACING_020_RESTART_UNTIL_FLIP,close_small_loss_warehouse_large_loss,same_week,17569,-20.837184,-2239.132348,-291.437223,0.966489,25.566667,EURAUD,-332.758819,AUD,-846.137089,15872CA61A1BD63EB43F9E5C0280285E872C49325FDB3F48E1BE6D858B99A1EF
PAIR_TWO_SIDED_GRID_TARGET_150_SPACING_020_RESTART_UNTIL_FLIP__FLIP_CLOSE_SMALL_LOSS_WAREHOUSE_GT3ADR,flip_counterfactual,PAIR_TWO_SIDED_GRID_TARGET_150_SPACING_020_RESTART_UNTIL_FLIP,close_small_loss_warehouse_large_loss,1_2_weeks,1288,-137.305544,-2368.92397,-13.604143,0.904503,213.9,USDCAD,-214.733063,USD,-876.903872,43939C4821324AC6BE9E9C2F2FB66E5388398BA170179127B661C9F384767D87
PAIR_TWO_SIDED_GRID_TARGET_150_SPACING_020_RESTART_UNTIL_FLIP__FLIP_CLOSE_SMALL_LOSS_WAREHOUSE_GT3ADR,flip_counterfactual,PAIR_TWO_SIDED_GRID_TARGET_150_SPACING_020_RESTART_UNTIL_FLIP,close_small_loss_warehouse_large_loss,3_4_weeks,473,-5.404647,-2130.120224,-0.549407,0.864693,445.8,NZDUSD,-230.604762,GBP,-839.198574,9ED06BE4303386BDC1DE929897E949CA0A385A33B47D97CEED0CF3C129BFC53B
PAIR_TWO_SIDED_GRID_TARGET_150_SPACING_020_RESTART_UNTIL_FLIP__FLIP_CLOSE_SMALL_LOSS_WAREHOUSE_GT3ADR,flip_counterfactual,PAIR_TWO_SIDED_GRID_TARGET_150_SPACING_020_RESTART_UNTIL_FLIP,close_small_loss_warehouse_large_loss,5_8_weeks,194,-177.670398,-2008.917622,-1.886621,0.85567,864.433334,USDCAD,-404.852391,USD,-1300.920762,3E46DA7C2B97CAB762D168AE6262BCB8FCD5832EC0C53FE8776BBDA957BF09F7
PAIR_TWO_SIDED_GRID_TARGET_150_SPACING_020_RESTART_UNTIL_FLIP__FLIP_CLOSE_SMALL_LOSS_WAREHOUSE_GT3ADR,flip_counterfactual,PAIR_TWO_SIDED_GRID_TARGET_150_SPACING_020_RESTART_UNTIL_FLIP,close_small_loss_warehouse_large_loss,13_plus_weeks,44,-5336.344379,-4965.65834,0,0.704545,3173.966667,AUDNZD,-3362.452064,AUD,-5973.986938,7B63E32731F546B1EF34C3034ACDE2CF690083FCD85A3554175BDA0EE820BC04
PAIR_TWO_SIDED_GRID_TARGET_150_SPACING_020_RESTART_UNTIL_FLIP__FLIP_CLOSE_SMALL_LOSS_WAREHOUSE_GT3ADR,flip_counterfactual,PAIR_TWO_SIDED_GRID_TARGET_150_SPACING_020_RESTART_UNTIL_FLIP,close_small_loss_warehouse_large_loss,9_13_weeks,65,-40.686086,-1068.127892,0,0.861538,1759.758334,AUDCAD,-625.875349,AUD,-782.976855,B7989787778A2A0365B4E35652D5260018B9562DCA54A7304407F53E43BCCA25
PAIR_TWO_SIDED_GRID_TARGET_150_SPACING_020_RESTART_UNTIL_FLIP__NO_FLIP_FORCE_DIAGNOSTIC,flip_counterfactual,PAIR_TWO_SIDED_GRID_TARGET_150_SPACING_020_RESTART_UNTIL_FLIP,no_flip_force_no_new_fills,same_week,17446,-20.837184,0,0,0.986604,26.016667,EURJPY,-6.175234,EUR,-12.245023,0544640A9DB8A524B8575F365B86265782368462926EAD4F841D63AF5B15CE49
PAIR_TWO_SIDED_GRID_TARGET_150_SPACING_020_RESTART_UNTIL_FLIP__NO_FLIP_FORCE_DIAGNOSTIC,flip_counterfactual,PAIR_TWO_SIDED_GRID_TARGET_150_SPACING_020_RESTART_UNTIL_FLIP,no_flip_force_no_new_fills,3_4_weeks,479,-5.404647,0,0,0.995825,452.366667,GBPJPY,-5.404647,GBP,-5.404647,D1EE62C0CEF284B8BB0F9314FC244BA7D35B33D40A4932D206FB3445B17ACD62
PAIR_TWO_SIDED_GRID_TARGET_150_SPACING_020_RESTART_UNTIL_FLIP__NO_FLIP_FORCE_DIAGNOSTIC,flip_counterfactual,PAIR_TWO_SIDED_GRID_TARGET_150_SPACING_020_RESTART_UNTIL_FLIP,no_flip_force_no_new_fills,1_2_weeks,1246,-137.305544,0,0,0.992777,215.45,GBPNZD,-33.216346,NZD,-84.602672,5FED35F541575AF99E77C8FCB3D2DA0093EF115C11A4C89930F130E37F4C0062
PAIR_TWO_SIDED_GRID_TARGET_150_SPACING_020_RESTART_UNTIL_FLIP__NO_FLIP_FORCE_DIAGNOSTIC,flip_counterfactual,PAIR_TWO_SIDED_GRID_TARGET_150_SPACING_020_RESTART_UNTIL_FLIP,no_flip_force_no_new_fills,5_8_weeks,240,-190.718978,0,0,0.983333,870.958334,USDCAD,-106.412109,USD,-177.670398,9C584020000546A7EDBF3889FF0383B732BE25D7DB99733DD5CA9DBFF9F42BFC
PAIR_TWO_SIDED_GRID_TARGET_150_SPACING_020_RESTART_UNTIL_FLIP__NO_FLIP_FORCE_DIAGNOSTIC,flip_counterfactual,PAIR_TWO_SIDED_GRID_TARGET_150_SPACING_020_RESTART_UNTIL_FLIP,no_flip_force_no_new_fills,13_plus_weeks,139,-18604.688261,0,0,0.71223,4394.2,AUDNZD,-4412.463646,AUD,-10077.285501,AA87863EB418270B00FCA2225C61577A6F38E87BF1988B045684F9F1E5194D51
PAIR_TWO_SIDED_GRID_TARGET_150_SPACING_020_RESTART_UNTIL_FLIP__NO_FLIP_FORCE_DIAGNOSTIC,flip_counterfactual,PAIR_TWO_SIDED_GRID_TARGET_150_SPACING_020_RESTART_UNTIL_FLIP,no_flip_force_no_new_fills,9_13_weeks,83,-75.43118,0,0,0.963855,1729.608334,EURCAD,-34.745094,EUR,-58.834707,40B2776507CC3E4F25850648B83109E85D132E94D148331F75713964FE1D4E4D
PAIR_TWO_SIDED_GRID_T075_S020_STOP_AFTER_2_PAIR_RESETS_WEEK__FLIP_LOSER_WAREHOUSE,flip_counterfactual,PAIR_TWO_SIDED_GRID_T075_S020_STOP_AFTER_2_PAIR_RESETS_WEEK,warehouse_losing_flip_no_new_fills,same_week,15511,-94.388069,-452.8982,0,0.997404,15.416667,NZDJPY,-89.293361,NZD,-234.398058,578D23DC2973973E9EB3D2B4F8486C7EE4CB23BFDC15A8C3EF785989A4310BB5
PAIR_TWO_SIDED_GRID_T075_S020_STOP_AFTER_2_PAIR_RESETS_WEEK__FLIP_LOSER_WAREHOUSE,flip_counterfactual,PAIR_TWO_SIDED_GRID_T075_S020_STOP_AFTER_2_PAIR_RESETS_WEEK,warehouse_losing_flip_no_new_fills,1_2_weeks,600,-3.606858,-892.942107,0,0.931667,204.766667,CADJPY,-110.438573,USD,-337.342611,23C9DF2A0A1EAF7BB6485CA35E0248F29A9E081B83EF48E73C1EA157D8C0870E
PAIR_TWO_SIDED_GRID_T075_S020_STOP_AFTER_2_PAIR_RESETS_WEEK__FLIP_LOSER_WAREHOUSE,flip_counterfactual,PAIR_TWO_SIDED_GRID_T075_S020_STOP_AFTER_2_PAIR_RESETS_WEEK,warehouse_losing_flip_no_new_fills,3_4_weeks,207,-54.10093,-865.649068,0,0.859903,413.25,AUDNZD,-104.305072,GBP,-318.900241,A71FD3AB726C3D28449D2137A3F66FA3FC73483A520A3527E2AD0CD06E81ACD4
PAIR_TWO_SIDED_GRID_T075_S020_STOP_AFTER_2_PAIR_RESETS_WEEK__FLIP_LOSER_WAREHOUSE,flip_counterfactual,PAIR_TWO_SIDED_GRID_T075_S020_STOP_AFTER_2_PAIR_RESETS_WEEK,warehouse_losing_flip_no_new_fills,5_8_weeks,86,-82.507479,-572.497394,0,0.895349,874.783333,USDCAD,-256.583181,USD,-449.136887,22B5B559FE22557C870C4E3642F33E0D20DA009869046386A34CE1E21591975D
PAIR_TWO_SIDED_GRID_T075_S020_STOP_AFTER_2_PAIR_RESETS_WEEK__FLIP_LOSER_WAREHOUSE,flip_counterfactual,PAIR_TWO_SIDED_GRID_T075_S020_STOP_AFTER_2_PAIR_RESETS_WEEK,warehouse_losing_flip_no_new_fills,9_13_weeks,34,0,-470.959686,0,0.941176,1679.191667,AUDCAD,-364.067975,AUD,-470.959686,8EB8CC6EFB70C4079451765F8D6A117E3683D532FAAA1D8339B72843DBBC3817
PAIR_TWO_SIDED_GRID_T075_S020_STOP_AFTER_2_PAIR_RESETS_WEEK__FLIP_LOSER_WAREHOUSE,flip_counterfactual,PAIR_TWO_SIDED_GRID_T075_S020_STOP_AFTER_2_PAIR_RESETS_WEEK,warehouse_losing_flip_no_new_fills,13_plus_weeks,18,-146.633187,-555.028566,0,0.833333,3743.8,AUDNZD,-420.702218,AUD,-701.661753,970BE037F55F8EF8FE8BC00F66DB587DFECA148197FBE5D2B13C39E90E32AFC1
PAIR_TWO_SIDED_GRID_T075_S020_STOP_AFTER_2_PAIR_RESETS_WEEK__FLIP_GRACE_1W,flip_counterfactual,PAIR_TWO_SIDED_GRID_T075_S020_STOP_AFTER_2_PAIR_RESETS_WEEK,grace_window_losing_flip_no_new_fills,same_week,15492,-94.388069,0,0,0.998667,15.416667,GBPNZD,-22.661079,NZD,-59.401239,22351D16E04ADE50790D5C4E14B4ABFD55AB6BE8D1E372C87FF3DB86C7A6C826
PAIR_TWO_SIDED_GRID_T075_S020_STOP_AFTER_2_PAIR_RESETS_WEEK__FLIP_GRACE_1W,flip_counterfactual,PAIR_TWO_SIDED_GRID_T075_S020_STOP_AFTER_2_PAIR_RESETS_WEEK,grace_window_losing_flip_no_new_fills,1_2_weeks,614,-3.606858,-993.836655,0,0.928339,204.9,AUDJPY,-124.144979,JPY,-426.442388,DF5A998DA55F10D08CB380617842FE1A28612597C694F17901C76C037A26E409
PAIR_TWO_SIDED_GRID_T075_S020_STOP_AFTER_2_PAIR_RESETS_WEEK__FLIP_GRACE_1W,flip_counterfactual,PAIR_TWO_SIDED_GRID_T075_S020_STOP_AFTER_2_PAIR_RESETS_WEEK,grace_window_losing_flip_no_new_fills,3_4_weeks,211,-54.10093,-1167.727526,0,0.85782,413.35,GBPCAD,-168.497944,GBP,-600.734454,B7B67F1046E22344CC25381AC8FF7F7B96A22AEA6CBD43C02B5559C0DEF17D53
PAIR_TWO_SIDED_GRID_T075_S020_STOP_AFTER_2_PAIR_RESETS_WEEK__FLIP_GRACE_1W,flip_counterfactual,PAIR_TWO_SIDED_GRID_T075_S020_STOP_AFTER_2_PAIR_RESETS_WEEK,grace_window_losing_flip_no_new_fills,5_8_weeks,89,-82.507479,-605.206806,0,0.876404,878,USDJPY,-256.628486,USD,-513.926146,24D91175032622EB8995A79F9DF799270061CDECD90F820F10C5388811C96D8A
PAIR_TWO_SIDED_GRID_T075_S020_STOP_AFTER_2_PAIR_RESETS_WEEK__FLIP_GRACE_1W,flip_counterfactual,PAIR_TWO_SIDED_GRID_T075_S020_STOP_AFTER_2_PAIR_RESETS_WEEK,grace_window_losing_flip_no_new_fills,9_13_weeks,32,0,-14.042367,0,0.96875,1735.533333,AUDCAD,-14.042367,AUD,-14.042367,A1768E628E0CAA5F623DF92E2C3B7762BF29C8E8207D02DC396BA85989F052D7
PAIR_TWO_SIDED_GRID_T075_S020_STOP_AFTER_2_PAIR_RESETS_WEEK__FLIP_GRACE_1W,flip_counterfactual,PAIR_TWO_SIDED_GRID_T075_S020_STOP_AFTER_2_PAIR_RESETS_WEEK,grace_window_losing_flip_no_new_fills,13_plus_weeks,18,-146.633187,-538.376121,0,0.833333,3743.8,AUDNZD,-368.335577,AUD,-685.009308,19E0C58170D067EEA2E6B6F8AD1D8B1C310F00817CE5164604072843160EBFD4
PAIR_TWO_SIDED_GRID_T075_S020_STOP_AFTER_2_PAIR_RESETS_WEEK__FLIP_CLOSE_SMALL_LOSS_WAREHOUSE_GT3ADR,flip_counterfactual,PAIR_TWO_SIDED_GRID_T075_S020_STOP_AFTER_2_PAIR_RESETS_WEEK,close_small_loss_warehouse_large_loss,same_week,15523,-94.388069,-487.889359,-34.991159,0.995677,15.4,NZDJPY,-91.274351,NZD,-239.700885,5AAD43E9BD0CBC25DA3A05FAAA69B54458381408AB5ECA2B07F90E3C0CC28136
PAIR_TWO_SIDED_GRID_T075_S020_STOP_AFTER_2_PAIR_RESETS_WEEK__FLIP_CLOSE_SMALL_LOSS_WAREHOUSE_GT3ADR,flip_counterfactual,PAIR_TWO_SIDED_GRID_T075_S020_STOP_AFTER_2_PAIR_RESETS_WEEK,close_small_loss_warehouse_large_loss,1_2_weeks,594,-3.606858,-881.269862,-3.422613,0.927609,205.183333,CADJPY,-110.6929,USD,-337.342611,45A078D7B906D7E94C45B1650F2243162B9B0E572BF56497BC46CB3A2C753E56
PAIR_TWO_SIDED_GRID_T075_S020_STOP_AFTER_2_PAIR_RESETS_WEEK__FLIP_CLOSE_SMALL_LOSS_WAREHOUSE_GT3ADR,flip_counterfactual,PAIR_TWO_SIDED_GRID_T075_S020_STOP_AFTER_2_PAIR_RESETS_WEEK,close_small_loss_warehouse_large_loss,3_4_weeks,203,-54.10093,-866.298445,-0.649377,0.852217,413.85,AUDNZD,-104.305072,GBP,-318.900241,23157A3D10CD613E19ECA9A84C047C95EE16C2D71F15B844CA415744E4BDF942
PAIR_TWO_SIDED_GRID_T075_S020_STOP_AFTER_2_PAIR_RESETS_WEEK__FLIP_CLOSE_SMALL_LOSS_WAREHOUSE_GT3ADR,flip_counterfactual,PAIR_TWO_SIDED_GRID_T075_S020_STOP_AFTER_2_PAIR_RESETS_WEEK,close_small_loss_warehouse_large_loss,5_8_weeks,85,-82.507479,-560.024047,-2.963438,0.894118,878,USDCAD,-256.583181,USD,-449.136887,233091EED3C5EBFE74BAFFE394D7D5FFD4D6CC7B588E98EC004AF6B742DD3D95
PAIR_TWO_SIDED_GRID_T075_S020_STOP_AFTER_2_PAIR_RESETS_WEEK__FLIP_CLOSE_SMALL_LOSS_WAREHOUSE_GT3ADR,flip_counterfactual,PAIR_TWO_SIDED_GRID_T075_S020_STOP_AFTER_2_PAIR_RESETS_WEEK,close_small_loss_warehouse_large_loss,9_13_weeks,33,0,-470.959686,0,0.939394,1735.533333,AUDCAD,-364.067975,AUD,-470.959686,1A70DD83CC0D980FE07E03DEE92E3952733C99F5042BB0A126E33A8FE2290B57
PAIR_TWO_SIDED_GRID_T075_S020_STOP_AFTER_2_PAIR_RESETS_WEEK__FLIP_CLOSE_SMALL_LOSS_WAREHOUSE_GT3ADR,flip_counterfactual,PAIR_TWO_SIDED_GRID_T075_S020_STOP_AFTER_2_PAIR_RESETS_WEEK,close_small_loss_warehouse_large_loss,13_plus_weeks,18,-146.633187,-555.028566,0,0.833333,3743.8,AUDNZD,-420.702218,AUD,-701.661753,8A0E364E385A2BE982199F06B82B32727F3E4FE2DA7D9DF2615B56A13D3EA4BA
PAIR_TWO_SIDED_GRID_T075_S020_STOP_AFTER_2_PAIR_RESETS_WEEK__NO_FLIP_FORCE_DIAGNOSTIC,flip_counterfactual,PAIR_TWO_SIDED_GRID_T075_S020_STOP_AFTER_2_PAIR_RESETS_WEEK,no_flip_force_no_new_fills,same_week,15492,-94.388069,0,0,0.998667,15.416667,GBPNZD,-22.661079,NZD,-59.401239,7299C4BB2D1865D3912D529E5AB72F14E5BE705B6009EC55BABDA4A51020E74C
PAIR_TWO_SIDED_GRID_T075_S020_STOP_AFTER_2_PAIR_RESETS_WEEK__NO_FLIP_FORCE_DIAGNOSTIC,flip_counterfactual,PAIR_TWO_SIDED_GRID_T075_S020_STOP_AFTER_2_PAIR_RESETS_WEEK,no_flip_force_no_new_fills,1_2_weeks,574,-3.606858,0,0,0.998258,205.183333,EURGBP,-3.606858,EUR,-3.606858,5B1469C1B49BBD1D703D3A6933F43353EFDB839A2C7273DDDAF9CD180256D532
PAIR_TWO_SIDED_GRID_T075_S020_STOP_AFTER_2_PAIR_RESETS_WEEK__NO_FLIP_FORCE_DIAGNOSTIC,flip_counterfactual,PAIR_TWO_SIDED_GRID_T075_S020_STOP_AFTER_2_PAIR_RESETS_WEEK,no_flip_force_no_new_fills,3_4_weeks,205,-54.10093,0,0,0.985366,414.383334,EURUSD,-33.019623,USD,-45.024087,EBF2D08A6088664B4393116EB2727385FA2449DC1DD7096A4E1000C8EB764375
PAIR_TWO_SIDED_GRID_T075_S020_STOP_AFTER_2_PAIR_RESETS_WEEK__NO_FLIP_FORCE_DIAGNOSTIC,flip_counterfactual,PAIR_TWO_SIDED_GRID_T075_S020_STOP_AFTER_2_PAIR_RESETS_WEEK,no_flip_force_no_new_fills,5_8_weeks,97,-82.507479,0,0,0.989691,878,USDCAD,-82.507479,USD,-82.507479,1A31D395BCD0E079369134F2E5F740799143A28997F806EDB516C8A2BED01109
PAIR_TWO_SIDED_GRID_T075_S020_STOP_AFTER_2_PAIR_RESETS_WEEK__NO_FLIP_FORCE_DIAGNOSTIC,flip_counterfactual,PAIR_TWO_SIDED_GRID_T075_S020_STOP_AFTER_2_PAIR_RESETS_WEEK,no_flip_force_no_new_fills,13_plus_weeks,49,-3924.537842,0,0,0.816327,3781.941667,AUDNZD,-1475.728525,AUD,-2708.85685,AB09151B81B84F2369EE9D5AB9E1A73E79D03DDAF6427F613839C336B8195F81
PAIR_TWO_SIDED_GRID_T075_S020_STOP_AFTER_2_PAIR_RESETS_WEEK__NO_FLIP_FORCE_DIAGNOSTIC,flip_counterfactual,PAIR_TWO_SIDED_GRID_T075_S020_STOP_AFTER_2_PAIR_RESETS_WEEK,no_flip_force_no_new_fills,9_13_weeks,39,0,0,0,1,1695.183333,AUDJPY,0,,,B61A6F7E2544D9D4D04B2889DC0E54D2FECDCF477648ADEA5E6055FB23626164
PAIR_TWO_SIDED_GRID_T075_S020_STOP_AFTER_3_PAIR_RESETS_WEEK__FLIP_LOSER_WAREHOUSE,flip_counterfactual,PAIR_TWO_SIDED_GRID_T075_S020_STOP_AFTER_3_PAIR_RESETS_WEEK,warehouse_losing_flip_no_new_fills,same_week,20729,-75.617638,-856.633829,0,0.995822,15.483333,GBPUSD,-157.075036,GBP,-395.556842,E65A8020002942CC62D73BC80FAD9C7F1DEEAB8F3310588381EFA5FB73F6377D
PAIR_TWO_SIDED_GRID_T075_S020_STOP_AFTER_3_PAIR_RESETS_WEEK__FLIP_LOSER_WAREHOUSE,flip_counterfactual,PAIR_TWO_SIDED_GRID_T075_S020_STOP_AFTER_3_PAIR_RESETS_WEEK,warehouse_losing_flip_no_new_fills,1_2_weeks,794,-22.507867,-1354.042909,0,0.920655,204.533333,USDCAD,-138.176283,CAD,-510.007517,A300F39F09CD89FCCD7480DF728172E8828CEFE1ECF2D3892732FC0C7AD7048C
PAIR_TWO_SIDED_GRID_T075_S020_STOP_AFTER_3_PAIR_RESETS_WEEK__FLIP_LOSER_WAREHOUSE,flip_counterfactual,PAIR_TWO_SIDED_GRID_T075_S020_STOP_AFTER_3_PAIR_RESETS_WEEK,warehouse_losing_flip_no_new_fills,5_8_weeks,116,-82.507479,-877.400255,0,0.87931,878,USDCAD,-256.583181,USD,-708.082082,B424D936C0EB6D714D723C7D5BC697133E7DC1D1C3A4306C1DFB2E7001B562B4
PAIR_TWO_SIDED_GRID_T075_S020_STOP_AFTER_3_PAIR_RESETS_WEEK__FLIP_LOSER_WAREHOUSE,flip_counterfactual,PAIR_TWO_SIDED_GRID_T075_S020_STOP_AFTER_3_PAIR_RESETS_WEEK,warehouse_losing_flip_no_new_fills,3_4_weeks,281,-54.10093,-1010.892652,0,0.886121,416.483333,GBPJPY,-164.091238,GBP,-396.567232,43444C38F6C18C4C549EB6A336095C572D4BC6C3EA96D4E4B501694EB9D20E15
PAIR_TWO_SIDED_GRID_T075_S020_STOP_AFTER_3_PAIR_RESETS_WEEK__FLIP_LOSER_WAREHOUSE,flip_counterfactual,PAIR_TWO_SIDED_GRID_T075_S020_STOP_AFTER_3_PAIR_RESETS_WEEK,warehouse_losing_flip_no_new_fills,9_13_weeks,39,0,-485.975797,0,0.923077,1641.441667,AUDCAD,-364.067975,AUD,-470.959686,6A1F5985F7ABB028711D5E31CA76535CFE180E88867AA32EE7DE7DB206FBFB67
PAIR_TWO_SIDED_GRID_T075_S020_STOP_AFTER_3_PAIR_RESETS_WEEK__FLIP_LOSER_WAREHOUSE,flip_counterfactual,PAIR_TWO_SIDED_GRID_T075_S020_STOP_AFTER_3_PAIR_RESETS_WEEK,warehouse_losing_flip_no_new_fills,13_plus_weeks,23,-2073.550175,-561.550002,0,0.826087,3743.8,AUDNZD,-2347.619206,AUD,-2635.100177,F72C3823DA449EC444AD49B9F4624098B75A69348A3E490C431B05E512C5FB8F
PAIR_TWO_SIDED_GRID_T075_S020_STOP_AFTER_3_PAIR_RESETS_WEEK__FLIP_GRACE_1W,flip_counterfactual,PAIR_TWO_SIDED_GRID_T075_S020_STOP_AFTER_3_PAIR_RESETS_WEEK,grace_window_losing_flip_no_new_fills,same_week,20692,-75.617638,0,0,0.997658,15.483333,GBPNZD,-22.661079,NZD,-59.401239,45026ACF450612F536C150687531D8A82B61840CD615BC5CDA434D2C07B26893
PAIR_TWO_SIDED_GRID_T075_S020_STOP_AFTER_3_PAIR_RESETS_WEEK__FLIP_GRACE_1W,flip_counterfactual,PAIR_TWO_SIDED_GRID_T075_S020_STOP_AFTER_3_PAIR_RESETS_WEEK,grace_window_losing_flip_no_new_fills,1_2_weeks,816,-22.507867,-1685.595097,0,0.911765,204.558333,GBPUSD,-333.609559,USD,-704.254778,B159C5B705F00BB8F934EFEE4DC56E606F2DF63C7E18EFC362F9B5A52DB20E1B
PAIR_TWO_SIDED_GRID_T075_S020_STOP_AFTER_3_PAIR_RESETS_WEEK__FLIP_GRACE_1W,flip_counterfactual,PAIR_TWO_SIDED_GRID_T075_S020_STOP_AFTER_3_PAIR_RESETS_WEEK,grace_window_losing_flip_no_new_fills,5_8_weeks,118,-82.507479,-904.672039,0,0.872881,881.216667,USDJPY,-230.400092,USD,-736.642038,DB0343AC6B4D729F627604D8CDD60BFAFEC351C9F21CCAF4A8D6E52B369C7362
PAIR_TWO_SIDED_GRID_T075_S020_STOP_AFTER_3_PAIR_RESETS_WEEK__FLIP_GRACE_1W,flip_counterfactual,PAIR_TWO_SIDED_GRID_T075_S020_STOP_AFTER_3_PAIR_RESETS_WEEK,grace_window_losing_flip_no_new_fills,3_4_weeks,297,-54.10093,-1757.479665,0,0.851852,416.483333,USDCAD,-180.437807,GBP,-576.154449,18F15FAD72815CB8368EB2D96789827A5F8486A4133145C5E4C1D26A87A89FBB
PAIR_TWO_SIDED_GRID_T075_S020_STOP_AFTER_3_PAIR_RESETS_WEEK__FLIP_GRACE_1W,flip_counterfactual,PAIR_TWO_SIDED_GRID_T075_S020_STOP_AFTER_3_PAIR_RESETS_WEEK,grace_window_losing_flip_no_new_fills,9_13_weeks,37,0,-74.824676,0,0.945946,1660.033333,AUDCAD,-74.824676,AUD,-74.824676,BFCA60B191B52E09591D12E0AC2FF1553AA9FAAEF0EE2231B57244EDF4AD9F99
PAIR_TWO_SIDED_GRID_T075_S020_STOP_AFTER_3_PAIR_RESETS_WEEK__FLIP_GRACE_1W,flip_counterfactual,PAIR_TWO_SIDED_GRID_T075_S020_STOP_AFTER_3_PAIR_RESETS_WEEK,grace_window_losing_flip_no_new_fills,13_plus_weeks,22,-2073.550175,-538.376121,0,0.863636,3743.8,AUDNZD,-2295.252565,AUD,-2611.926296,AB937C970CCCFDDF9DD59751EC62FF23CC5749420F266AFF9887DC0279625C45
PAIR_TWO_SIDED_GRID_T075_S020_STOP_AFTER_3_PAIR_RESETS_WEEK__FLIP_CLOSE_SMALL_LOSS_WAREHOUSE_GT3ADR,flip_counterfactual,PAIR_TWO_SIDED_GRID_T075_S020_STOP_AFTER_3_PAIR_RESETS_WEEK,close_small_loss_warehouse_large_loss,same_week,20745,-75.617638,-936.580535,-79.946706,0.992098,15.433333,GBPUSD,-161.549687,GBP,-412.946114,FBDB6528E4EE62EF1BC625D6BC546D64E714C6B693C5FA39E331DBDAFDB0CC33
PAIR_TWO_SIDED_GRID_T075_S020_STOP_AFTER_3_PAIR_RESETS_WEEK__FLIP_CLOSE_SMALL_LOSS_WAREHOUSE_GT3ADR,flip_counterfactual,PAIR_TWO_SIDED_GRID_T075_S020_STOP_AFTER_3_PAIR_RESETS_WEEK,close_small_loss_warehouse_large_loss,1_2_weeks,788,-22.507867,-1311.948313,-3.422613,0.920051,204.583333,USDCAD,-138.176283,USD,-500.74469,C492ECE8FF71BB7ABDD43BA953D3AED4226DE61352BC71113FE259BAC15572C5
PAIR_TWO_SIDED_GRID_T075_S020_STOP_AFTER_3_PAIR_RESETS_WEEK__FLIP_CLOSE_SMALL_LOSS_WAREHOUSE_GT3ADR,flip_counterfactual,PAIR_TWO_SIDED_GRID_T075_S020_STOP_AFTER_3_PAIR_RESETS_WEEK,close_small_loss_warehouse_large_loss,5_8_weeks,114,-82.507479,-862.368342,0,0.885965,881.216667,USDCAD,-256.583181,USD,-693.050169,B70F2E016B645658FFA25564C7CA6ED399C889004360A79928FC5564D1C8B081
PAIR_TWO_SIDED_GRID_T075_S020_STOP_AFTER_3_PAIR_RESETS_WEEK__FLIP_CLOSE_SMALL_LOSS_WAREHOUSE_GT3ADR,flip_counterfactual,PAIR_TWO_SIDED_GRID_T075_S020_STOP_AFTER_3_PAIR_RESETS_WEEK,close_small_loss_warehouse_large_loss,3_4_weeks,275,-54.10093,-996.534082,-0.649377,0.883636,416.616667,GBPJPY,-164.091238,GBP,-381.559285,267BE09F2FDE2E336AAD0E15EA8B6DFC9D31201D225539BD38EC82FEEE69EC28
PAIR_TWO_SIDED_GRID_T075_S020_STOP_AFTER_3_PAIR_RESETS_WEEK__FLIP_CLOSE_SMALL_LOSS_WAREHOUSE_GT3ADR,flip_counterfactual,PAIR_TWO_SIDED_GRID_T075_S020_STOP_AFTER_3_PAIR_RESETS_WEEK,close_small_loss_warehouse_large_loss,9_13_weeks,38,0,-485.975797,0,0.921053,1660.033333,AUDCAD,-364.067975,AUD,-470.959686,3241E57B9C46316407CA9FFB288BDF40D93F5A2D7E24B4CBE2ABF5F0344ABDCC
PAIR_TWO_SIDED_GRID_T075_S020_STOP_AFTER_3_PAIR_RESETS_WEEK__FLIP_CLOSE_SMALL_LOSS_WAREHOUSE_GT3ADR,flip_counterfactual,PAIR_TWO_SIDED_GRID_T075_S020_STOP_AFTER_3_PAIR_RESETS_WEEK,close_small_loss_warehouse_large_loss,13_plus_weeks,22,-2073.550175,-555.028566,0,0.863636,3743.8,AUDNZD,-2347.619206,AUD,-2628.578741,68FF6D49DB841AE7369EC3316E2BB3507A1D1B8C49F9B6B07C1E9D79F9F96A85
PAIR_TWO_SIDED_GRID_T075_S020_STOP_AFTER_3_PAIR_RESETS_WEEK__NO_FLIP_FORCE_DIAGNOSTIC,flip_counterfactual,PAIR_TWO_SIDED_GRID_T075_S020_STOP_AFTER_3_PAIR_RESETS_WEEK,no_flip_force_no_new_fills,same_week,20692,-75.617638,0,0,0.997658,15.483333,GBPNZD,-22.661079,NZD,-59.401239,F6E12D8E36D39A8D5841A15D9C4ACCB7BBD4CBD7F2A1D20D88DA16F5B1FF1D5E
PAIR_TWO_SIDED_GRID_T075_S020_STOP_AFTER_3_PAIR_RESETS_WEEK__NO_FLIP_FORCE_DIAGNOSTIC,flip_counterfactual,PAIR_TWO_SIDED_GRID_T075_S020_STOP_AFTER_3_PAIR_RESETS_WEEK,no_flip_force_no_new_fills,1_2_weeks,753,-22.507867,0,0,0.996016,204.733334,GBPCHF,-18.901009,GBP,-22.507867,1251ADB3D18B9C0E5F88FEE41A19695F188B16C5B76549F085F310F251AF122B
PAIR_TWO_SIDED_GRID_T075_S020_STOP_AFTER_3_PAIR_RESETS_WEEK__NO_FLIP_FORCE_DIAGNOSTIC,flip_counterfactual,PAIR_TWO_SIDED_GRID_T075_S020_STOP_AFTER_3_PAIR_RESETS_WEEK,no_flip_force_no_new_fills,5_8_weeks,133,-82.507479,0,0,0.992481,892.891666,USDCAD,-82.507479,USD,-82.507479,9FF60D589C30266584171E9F38229318B6751B81B49EBD182503A01495D487DF
PAIR_TWO_SIDED_GRID_T075_S020_STOP_AFTER_3_PAIR_RESETS_WEEK__NO_FLIP_FORCE_DIAGNOSTIC,flip_counterfactual,PAIR_TWO_SIDED_GRID_T075_S020_STOP_AFTER_3_PAIR_RESETS_WEEK,no_flip_force_no_new_fills,3_4_weeks,290,-54.10093,0,0,0.989655,419.8,EURUSD,-33.019623,USD,-45.024087,53C3DAFD64FA88EA9D01FD9CD776C6CE3DECA219C727E167360F3F862D81EB25
PAIR_TWO_SIDED_GRID_T075_S020_STOP_AFTER_3_PAIR_RESETS_WEEK__NO_FLIP_FORCE_DIAGNOSTIC,flip_counterfactual,PAIR_TWO_SIDED_GRID_T075_S020_STOP_AFTER_3_PAIR_RESETS_WEEK,no_flip_force_no_new_fills,9_13_weeks,46,0,0,0,1,1680.925,AUDCAD,0,,,8013C464EC7A165CDA8DFFAF9CB67A5AFDECC25C678E37A264BC96FF4A766A50
PAIR_TWO_SIDED_GRID_T075_S020_STOP_AFTER_3_PAIR_RESETS_WEEK__NO_FLIP_FORCE_DIAGNOSTIC,flip_counterfactual,PAIR_TWO_SIDED_GRID_T075_S020_STOP_AFTER_3_PAIR_RESETS_WEEK,no_flip_force_no_new_fills,13_plus_weeks,68,-7109.925236,0,0,0.779412,3802.566667,AUDNZD,-3402.645513,AUD,-4911.781194,0461C9E17082E710B93320877DB2FC55C4F32881A26A0D50159EA55C5D6CC71F
PAIR_TWO_SIDED_GRID_T100_S020_STOP_AFTER_3_PAIR_RESETS_WEEK__FLIP_LOSER_WAREHOUSE,flip_counterfactual,PAIR_TWO_SIDED_GRID_T100_S020_STOP_AFTER_3_PAIR_RESETS_WEEK,warehouse_losing_flip_no_new_fills,same_week,18246,-85.284191,-898.596988,0,0.994098,20.725,GBPUSD,-157.099172,USD,-415.356775,3EC4EA8123DFE681B23CC9AC0A97A5FC057EA0094B55A9248669626D72EBE9FD
PAIR_TWO_SIDED_GRID_T100_S020_STOP_AFTER_3_PAIR_RESETS_WEEK__FLIP_LOSER_WAREHOUSE,flip_counterfactual,PAIR_TWO_SIDED_GRID_T100_S020_STOP_AFTER_3_PAIR_RESETS_WEEK,warehouse_losing_flip_no_new_fills,1_2_weeks,967,-23.759667,-1375.968406,0,0.926577,204.408334,NZDUSD,-171.393085,USD,-513.358793,7013874F7D6C8DB0D64DCEE220B62AA87CF3FEC4B3C3C0DA3AB9308EBE7A0540
PAIR_TWO_SIDED_GRID_T100_S020_STOP_AFTER_3_PAIR_RESETS_WEEK__FLIP_LOSER_WAREHOUSE,flip_counterfactual,PAIR_TWO_SIDED_GRID_T100_S020_STOP_AFTER_3_PAIR_RESETS_WEEK,warehouse_losing_flip_no_new_fills,5_8_weeks,142,-84.176156,-1271.639439,0,0.887324,874.133333,USDCAD,-277.680336,USD,-1025.543239,B48CF21D0FCEF5E1ABFF338D9F7E8E653F7D40A0DBDE1072A33C24ECDE41ED51
PAIR_TWO_SIDED_GRID_T100_S020_STOP_AFTER_3_PAIR_RESETS_WEEK__FLIP_LOSER_WAREHOUSE,flip_counterfactual,PAIR_TWO_SIDED_GRID_T100_S020_STOP_AFTER_3_PAIR_RESETS_WEEK,warehouse_losing_flip_no_new_fills,3_4_weeks,365,-49.400878,-1392.98497,0,0.882192,420.333334,GBPJPY,-245.672159,GBP,-666.070507,1DA64BA8633A4D26E5AF151EE76FC4B3153C4581E91F1ECF274D3219E6EFC01E
PAIR_TWO_SIDED_GRID_T100_S020_STOP_AFTER_3_PAIR_RESETS_WEEK__FLIP_LOSER_WAREHOUSE,flip_counterfactual,PAIR_TWO_SIDED_GRID_T100_S020_STOP_AFTER_3_PAIR_RESETS_WEEK,warehouse_losing_flip_no_new_fills,9_13_weeks,46,-35.619723,-753.312093,0,0.891304,1740.166667,AUDCAD,-631.409219,AUD,-773.920653,D64261801DF7C79275F13EF16B87EBEE62A04507F691F38067F0AED50636D3D2
PAIR_TWO_SIDED_GRID_T100_S020_STOP_AFTER_3_PAIR_RESETS_WEEK__FLIP_LOSER_WAREHOUSE,flip_counterfactual,PAIR_TWO_SIDED_GRID_T100_S020_STOP_AFTER_3_PAIR_RESETS_WEEK,warehouse_losing_flip_no_new_fills,13_plus_weeks,22,-2073.0693,-555.388903,0,0.818182,3776.325,AUDNZD,-2340.977232,AUD,-2628.458203,BF89F2643879F995298624D89ED2D0D0EE7F61DA52720DA2FF4DC624679B31A9
PAIR_TWO_SIDED_GRID_T100_S020_STOP_AFTER_3_PAIR_RESETS_WEEK__FLIP_GRACE_1W,flip_counterfactual,PAIR_TWO_SIDED_GRID_T100_S020_STOP_AFTER_3_PAIR_RESETS_WEEK,grace_window_losing_flip_no_new_fills,same_week,18207,-85.284191,0,0,0.996282,20.725,GBPNZD,-22.661079,NZD,-59.401239,F97EFFD0AB78543BB2C09B4F2CE542AB4EF806514A20E1513943D0494DB00A3A
PAIR_TWO_SIDED_GRID_T100_S020_STOP_AFTER_3_PAIR_RESETS_WEEK__FLIP_GRACE_1W,flip_counterfactual,PAIR_TWO_SIDED_GRID_T100_S020_STOP_AFTER_3_PAIR_RESETS_WEEK,grace_window_losing_flip_no_new_fills,1_2_weeks,989,-23.759667,-1801.499897,0,0.918099,204.308333,GBPUSD,-333.965463,USD,-778.982812,6DBBB0121811582A68C6835B61BD250D61FFAFB5F527208DB7EF4037EDBC64D4
PAIR_TWO_SIDED_GRID_T100_S020_STOP_AFTER_3_PAIR_RESETS_WEEK__FLIP_GRACE_1W,flip_counterfactual,PAIR_TWO_SIDED_GRID_T100_S020_STOP_AFTER_3_PAIR_RESETS_WEEK,grace_window_losing_flip_no_new_fills,5_8_weeks,144,-84.176156,-1247.780162,0,0.875,877.925,AUDUSD,-411.29657,USD,-1046.746088,47DA7C0454E7E5B532361F45CBD233DBDD87EC8E9C0A1786FFAABD0F799952E7
PAIR_TWO_SIDED_GRID_T100_S020_STOP_AFTER_3_PAIR_RESETS_WEEK__FLIP_GRACE_1W,flip_counterfactual,PAIR_TWO_SIDED_GRID_T100_S020_STOP_AFTER_3_PAIR_RESETS_WEEK,grace_window_losing_flip_no_new_fills,3_4_weeks,382,-49.400878,-2018.650145,0,0.863874,419.416667,USDCAD,-225.560199,GBP,-725.672354,0AB6CB72BED3A0868AF344AF47F66DF21F22BC49A5467D2F65D105D7BE01DE80
PAIR_TWO_SIDED_GRID_T100_S020_STOP_AFTER_3_PAIR_RESETS_WEEK__FLIP_GRACE_1W,flip_counterfactual,PAIR_TWO_SIDED_GRID_T100_S020_STOP_AFTER_3_PAIR_RESETS_WEEK,grace_window_losing_flip_no_new_fills,9_13_weeks,45,-35.619723,-348.222393,0,0.888889,1744.266667,NZDUSD,-205.48344,NZD,-205.48344,D95E1FE7B7EECA817CCAF12B4885FFAC3C3C5C79857C7643A8EE66FA83BC224C
PAIR_TWO_SIDED_GRID_T100_S020_STOP_AFTER_3_PAIR_RESETS_WEEK__FLIP_GRACE_1W,flip_counterfactual,PAIR_TWO_SIDED_GRID_T100_S020_STOP_AFTER_3_PAIR_RESETS_WEEK,grace_window_losing_flip_no_new_fills,13_plus_weeks,21,-2073.0693,-532.923124,0,0.857143,3776.325,AUDNZD,-2289.318693,AUD,-2605.992424,FFF5E57B43339334C24E3F096E491873FE25CD4D88795479AF20666DB2E41FE7
PAIR_TWO_SIDED_GRID_T100_S020_STOP_AFTER_3_PAIR_RESETS_WEEK__FLIP_CLOSE_SMALL_LOSS_WAREHOUSE_GT3ADR,flip_counterfactual,PAIR_TWO_SIDED_GRID_T100_S020_STOP_AFTER_3_PAIR_RESETS_WEEK,close_small_loss_warehouse_large_loss,same_week,18275,-85.284191,-1019.486209,-135.979684,0.987654,20.558334,GBPUSD,-165.917406,USD,-448.220033,AD95DFC6918970363A92FC890B0AE145F89C249F4C96E0425953FB8661970E27
PAIR_TWO_SIDED_GRID_T100_S020_STOP_AFTER_3_PAIR_RESETS_WEEK__FLIP_CLOSE_SMALL_LOSS_WAREHOUSE_GT3ADR,flip_counterfactual,PAIR_TWO_SIDED_GRID_T100_S020_STOP_AFTER_3_PAIR_RESETS_WEEK,close_small_loss_warehouse_large_loss,1_2_weeks,949,-23.759667,-1346.575428,-0.729647,0.925184,204.408334,NZDUSD,-171.393085,USD,-513.358793,924B58B9A53D1E73C291CB0F7FF1C5A51301A88260F9F8B6CF1C972937A994C4
PAIR_TWO_SIDED_GRID_T100_S020_STOP_AFTER_3_PAIR_RESETS_WEEK__FLIP_CLOSE_SMALL_LOSS_WAREHOUSE_GT3ADR,flip_counterfactual,PAIR_TWO_SIDED_GRID_T100_S020_STOP_AFTER_3_PAIR_RESETS_WEEK,close_small_loss_warehouse_large_loss,5_8_weeks,139,-84.176156,-1271.779643,-0.140204,0.877698,877.925,USDCAD,-277.680336,USD,-1025.543239,7C5638EE1FFD26C7A8864C115F3D5B36DDEC6BAC0B2FD60D6E223B7E7FDE62DB
PAIR_TWO_SIDED_GRID_T100_S020_STOP_AFTER_3_PAIR_RESETS_WEEK__FLIP_CLOSE_SMALL_LOSS_WAREHOUSE_GT3ADR,flip_counterfactual,PAIR_TWO_SIDED_GRID_T100_S020_STOP_AFTER_3_PAIR_RESETS_WEEK,close_small_loss_warehouse_large_loss,3_4_weeks,359,-49.400878,-1364.215389,-1.380622,0.880223,421.991667,GBPJPY,-245.672159,GBP,-650.980887,81A4A1BAFAD8D924FAD1D7DF10C886507813495269FE1F6C757613F8A764B57E
PAIR_TWO_SIDED_GRID_T100_S020_STOP_AFTER_3_PAIR_RESETS_WEEK__FLIP_CLOSE_SMALL_LOSS_WAREHOUSE_GT3ADR,flip_counterfactual,PAIR_TWO_SIDED_GRID_T100_S020_STOP_AFTER_3_PAIR_RESETS_WEEK,close_small_loss_warehouse_large_loss,9_13_weeks,45,-35.619723,-753.312093,0,0.888889,1744.266667,AUDCAD,-631.409219,AUD,-773.920653,41452222E3D544C0DC15B685F47269EA38120D954916BA15FF9166BE8B4B5273
PAIR_TWO_SIDED_GRID_T100_S020_STOP_AFTER_3_PAIR_RESETS_WEEK__FLIP_CLOSE_SMALL_LOSS_WAREHOUSE_GT3ADR,flip_counterfactual,PAIR_TWO_SIDED_GRID_T100_S020_STOP_AFTER_3_PAIR_RESETS_WEEK,close_small_loss_warehouse_large_loss,13_plus_weeks,21,-2073.0693,-548.867467,0,0.857143,3776.325,AUDNZD,-2340.977232,AUD,-2621.936767,B81DC91C602BC9864855B850453574166556150CB7A01006A4A468D1044C463C
PAIR_TWO_SIDED_GRID_T100_S020_STOP_AFTER_3_PAIR_RESETS_WEEK__NO_FLIP_FORCE_DIAGNOSTIC,flip_counterfactual,PAIR_TWO_SIDED_GRID_T100_S020_STOP_AFTER_3_PAIR_RESETS_WEEK,no_flip_force_no_new_fills,same_week,18207,-85.284191,0,0,0.996282,20.725,GBPNZD,-22.661079,NZD,-59.401239,A0267649F552DA07B63E9FB70C35FACA815DF0E3C5B862924995CA843BC0A103
PAIR_TWO_SIDED_GRID_T100_S020_STOP_AFTER_3_PAIR_RESETS_WEEK__NO_FLIP_FORCE_DIAGNOSTIC,flip_counterfactual,PAIR_TWO_SIDED_GRID_T100_S020_STOP_AFTER_3_PAIR_RESETS_WEEK,no_flip_force_no_new_fills,1_2_weeks,926,-23.759667,0,0,0.99568,204.641667,GBPCHF,-17.832537,GBP,-23.759667,5C6EA70EB972E74C54F4B8FA59F8F9BB73AF83126DDDEB8D1004854EDACE5962
PAIR_TWO_SIDED_GRID_T100_S020_STOP_AFTER_3_PAIR_RESETS_WEEK__NO_FLIP_FORCE_DIAGNOSTIC,flip_counterfactual,PAIR_TWO_SIDED_GRID_T100_S020_STOP_AFTER_3_PAIR_RESETS_WEEK,no_flip_force_no_new_fills,5_8_weeks,163,-84.176156,0,0,0.993865,887.85,USDCAD,-84.176156,USD,-84.176156,0140EC50C65DED760B21BC049D4ECD6D285F891F5416A0711BD711C5BE756851
PAIR_TWO_SIDED_GRID_T100_S020_STOP_AFTER_3_PAIR_RESETS_WEEK__NO_FLIP_FORCE_DIAGNOSTIC,flip_counterfactual,PAIR_TWO_SIDED_GRID_T100_S020_STOP_AFTER_3_PAIR_RESETS_WEEK,no_flip_force_no_new_fills,3_4_weeks,367,-49.400878,0,0,0.991826,424.5,EURUSD,-31.790104,USD,-43.794568,CDD400F1DF7955BD210649D7F5D6C80B59DF0BA35EB5047AE29EF256669A6EC8
PAIR_TWO_SIDED_GRID_T100_S020_STOP_AFTER_3_PAIR_RESETS_WEEK__NO_FLIP_FORCE_DIAGNOSTIC,flip_counterfactual,PAIR_TWO_SIDED_GRID_T100_S020_STOP_AFTER_3_PAIR_RESETS_WEEK,no_flip_force_no_new_fills,9_13_weeks,55,-35.619723,0,0,0.963636,1740.166667,EURAUD,-25.472595,AUD,-35.619723,F4A9080846B41144DD1954EE8F277E1796F90A8C48FA950FB65B5F0C70B630D7
PAIR_TWO_SIDED_GRID_T100_S020_STOP_AFTER_3_PAIR_RESETS_WEEK__NO_FLIP_FORCE_DIAGNOSTIC,flip_counterfactual,PAIR_TWO_SIDED_GRID_T100_S020_STOP_AFTER_3_PAIR_RESETS_WEEK,no_flip_force_no_new_fills,13_plus_weeks,70,-7430.713256,0,0,0.8,3933.591667,AUDNZD,-3403.674009,AUD,-5104.337544,4E43F489C684C27ED72CF8CE90E1FCBCF9DA25F78413D60032D441551BB15DBF
PAIR_TWO_SIDED_GRID_T125_S020_STOP_AFTER_3_PAIR_RESETS_WEEK__FLIP_LOSER_WAREHOUSE,flip_counterfactual,PAIR_TWO_SIDED_GRID_T125_S020_STOP_AFTER_3_PAIR_RESETS_WEEK,warehouse_losing_flip_no_new_fills,same_week,15975,-84.566249,-1029.959859,0,0.991047,24.45,GBPUSD,-163.605884,USD,-400.561237,96147E243C52FA862E07CD66D509DD7E23364280B50676756A11008F867ECB40
PAIR_TWO_SIDED_GRID_T125_S020_STOP_AFTER_3_PAIR_RESETS_WEEK__FLIP_LOSER_WAREHOUSE,flip_counterfactual,PAIR_TWO_SIDED_GRID_T125_S020_STOP_AFTER_3_PAIR_RESETS_WEEK,warehouse_losing_flip_no_new_fills,1_2_weeks,1117,-24.019263,-1544.51366,0,0.931065,204.691667,NZDUSD,-178.66644,USD,-597.738648,A7D095CED3D18E082DAB37C818DB559B41F5E5980425B136B38D9C07B02DAB7E
PAIR_TWO_SIDED_GRID_T125_S020_STOP_AFTER_3_PAIR_RESETS_WEEK__FLIP_LOSER_WAREHOUSE,flip_counterfactual,PAIR_TWO_SIDED_GRID_T125_S020_STOP_AFTER_3_PAIR_RESETS_WEEK,warehouse_losing_flip_no_new_fills,5_8_weeks,159,-81.529317,-1553.060257,0,0.867925,872.975,USDCAD,-269.239409,USD,-1062.856743,2CE0553C3EF384772FA967DB227DB9D76A5131227FC2DDC60EAE5E8579398833
PAIR_TWO_SIDED_GRID_T125_S020_STOP_AFTER_3_PAIR_RESETS_WEEK__FLIP_LOSER_WAREHOUSE,flip_counterfactual,PAIR_TWO_SIDED_GRID_T125_S020_STOP_AFTER_3_PAIR_RESETS_WEEK,warehouse_losing_flip_no_new_fills,3_4_weeks,404,-49.295001,-1407.971704,0,0.876238,428.741667,GBPCAD,-183.339512,GBP,-551.863038,D0F7F8F6226A4CBF55A684B2ED81F0FA825859785621D368EB96D451B48BE74A
PAIR_TWO_SIDED_GRID_T125_S020_STOP_AFTER_3_PAIR_RESETS_WEEK__FLIP_LOSER_WAREHOUSE,flip_counterfactual,PAIR_TWO_SIDED_GRID_T125_S020_STOP_AFTER_3_PAIR_RESETS_WEEK,warehouse_losing_flip_no_new_fills,9_13_weeks,52,-24.810429,-791.020836,0,0.884615,1654.616667,AUDCAD,-638.678661,AUD,-770.380801,1615E90CC9CC874C109C2D0E946194ED8650F9A2285A3FA958CA2C10439BAA6A
PAIR_TWO_SIDED_GRID_T125_S020_STOP_AFTER_3_PAIR_RESETS_WEEK__FLIP_LOSER_WAREHOUSE,flip_counterfactual,PAIR_TWO_SIDED_GRID_T125_S020_STOP_AFTER_3_PAIR_RESETS_WEEK,warehouse_losing_flip_no_new_fills,13_plus_weeks,29,-4204.952653,-901.171337,0,0.758621,3463.083333,AUDNZD,-3387.285553,AUD,-4760.341556,C797C615AA65CF7DA17BCFE6041AFCB7A33FED6FD8E02F215778219627477E9C
PAIR_TWO_SIDED_GRID_T125_S020_STOP_AFTER_3_PAIR_RESETS_WEEK__FLIP_GRACE_1W,flip_counterfactual,PAIR_TWO_SIDED_GRID_T125_S020_STOP_AFTER_3_PAIR_RESETS_WEEK,grace_window_losing_flip_no_new_fills,same_week,15929,-84.566249,0,0,0.9941,24.45,GBPNZD,-22.661079,NZD,-59.401239,BE0316FE27BC36156C894D2672D049812981E6BC7C12950694DC7C744CDE071C
PAIR_TWO_SIDED_GRID_T125_S020_STOP_AFTER_3_PAIR_RESETS_WEEK__FLIP_GRACE_1W,flip_counterfactual,PAIR_TWO_SIDED_GRID_T125_S020_STOP_AFTER_3_PAIR_RESETS_WEEK,grace_window_losing_flip_no_new_fills,1_2_weeks,1151,-24.019263,-2083.769488,0,0.92007,204.666667,GBPUSD,-338.090912,USD,-818.830098,8C56497552D84D3F2141044631B500AB9275EEB0D017D179602BB16B11D87F3E
PAIR_TWO_SIDED_GRID_T125_S020_STOP_AFTER_3_PAIR_RESETS_WEEK__FLIP_GRACE_1W,flip_counterfactual,PAIR_TWO_SIDED_GRID_T125_S020_STOP_AFTER_3_PAIR_RESETS_WEEK,grace_window_losing_flip_no_new_fills,5_8_weeks,161,-81.529317,-1697.443102,0,0.863354,873.483333,AUDUSD,-405.677088,USD,-1167.5214,4CA14B1908A15B11E973C3AA6992388BECD91CAB19A77C855B66A4EAD74F43DC
PAIR_TWO_SIDED_GRID_T125_S020_STOP_AFTER_3_PAIR_RESETS_WEEK__FLIP_GRACE_1W,flip_counterfactual,PAIR_TWO_SIDED_GRID_T125_S020_STOP_AFTER_3_PAIR_RESETS_WEEK,grace_window_losing_flip_no_new_fills,3_4_weeks,418,-49.295001,-2070.830729,0,0.856459,426.366667,USDCAD,-275.550667,USD,-735.013603,DABF5F45DF4768B83FF466E6F52BAD3E6EE3B3F41270C306304881488DC3EB7A
PAIR_TWO_SIDED_GRID_T125_S020_STOP_AFTER_3_PAIR_RESETS_WEEK__FLIP_GRACE_1W,flip_counterfactual,PAIR_TWO_SIDED_GRID_T125_S020_STOP_AFTER_3_PAIR_RESETS_WEEK,grace_window_losing_flip_no_new_fills,9_13_weeks,49,-24.810429,-239.783609,0,0.918367,1676.516667,AUDCAD,-140.299261,AUD,-165.10969,777F924BBB326B85F74BB388EEDFA7D8648D74E5741AC6FB355C72F9B388D419
PAIR_TWO_SIDED_GRID_T125_S020_STOP_AFTER_3_PAIR_RESETS_WEEK__FLIP_GRACE_1W,flip_counterfactual,PAIR_TWO_SIDED_GRID_T125_S020_STOP_AFTER_3_PAIR_RESETS_WEEK,grace_window_losing_flip_no_new_fills,13_plus_weeks,28,-4204.952653,-877.765558,0,0.785714,3463.083333,AUDNZD,-3335.627014,AUD,-4737.875777,B5651F6A0EDDD5D02B18CEA744D7D0F2B017EEA066D96718076286E7ED6242F8
PAIR_TWO_SIDED_GRID_T125_S020_STOP_AFTER_3_PAIR_RESETS_WEEK__FLIP_CLOSE_SMALL_LOSS_WAREHOUSE_GT3ADR,flip_counterfactual,PAIR_TWO_SIDED_GRID_T125_S020_STOP_AFTER_3_PAIR_RESETS_WEEK,close_small_loss_warehouse_large_loss,same_week,16011,-84.566249,-1164.47396,-149.64198,0.982264,24.316667,GBPUSD,-171.541286,USD,-433.785918,FE8F3EEEAFE660D006712BC5F5CF8E2D9DCDF33B25332F673322EC1774A41306
PAIR_TWO_SIDED_GRID_T125_S020_STOP_AFTER_3_PAIR_RESETS_WEEK__FLIP_CLOSE_SMALL_LOSS_WAREHOUSE_GT3ADR,flip_counterfactual,PAIR_TWO_SIDED_GRID_T125_S020_STOP_AFTER_3_PAIR_RESETS_WEEK,close_small_loss_warehouse_large_loss,1_2_weeks,1097,-24.019263,-1506.11501,-6.746035,0.927074,204.916667,NZDUSD,-178.66644,USD,-601.190393,313B72404B026E8DAE14F006A8DE125EEE441555F16A5248DB8DD2E7C5F3B364
PAIR_TWO_SIDED_GRID_T125_S020_STOP_AFTER_3_PAIR_RESETS_WEEK__FLIP_CLOSE_SMALL_LOSS_WAREHOUSE_GT3ADR,flip_counterfactual,PAIR_TWO_SIDED_GRID_T125_S020_STOP_AFTER_3_PAIR_RESETS_WEEK,close_small_loss_warehouse_large_loss,5_8_weeks,156,-81.529317,-1539.381912,-1.361209,0.865385,874.783333,USDCAD,-269.239409,USD,-1047.817189,1105ED187CA5E26B73390741B84DA618EC5B64290239F8A8F3A742344AD5338C
PAIR_TWO_SIDED_GRID_T125_S020_STOP_AFTER_3_PAIR_RESETS_WEEK__FLIP_CLOSE_SMALL_LOSS_WAREHOUSE_GT3ADR,flip_counterfactual,PAIR_TWO_SIDED_GRID_T125_S020_STOP_AFTER_3_PAIR_RESETS_WEEK,close_small_loss_warehouse_large_loss,3_4_weeks,395,-49.295001,-1377.837927,-0.731245,0.875949,431.441667,GBPCAD,-183.339512,GBP,-536.81764,38DEC12531FB3436B4D6EA1C30D3322586E130EB1C902362E408D154D09D8B03
PAIR_TWO_SIDED_GRID_T125_S020_STOP_AFTER_3_PAIR_RESETS_WEEK__FLIP_CLOSE_SMALL_LOSS_WAREHOUSE_GT3ADR,flip_counterfactual,PAIR_TWO_SIDED_GRID_T125_S020_STOP_AFTER_3_PAIR_RESETS_WEEK,close_small_loss_warehouse_large_loss,9_13_weeks,49,-24.810429,-775.995511,0,0.897959,1684.233334,AUDCAD,-638.678661,AUD,-770.380801,634C0C1B074E7C64339D7DB264EF1014B66BE79A1391855B735F1E8011A717A2
PAIR_TWO_SIDED_GRID_T125_S020_STOP_AFTER_3_PAIR_RESETS_WEEK__FLIP_CLOSE_SMALL_LOSS_WAREHOUSE_GT3ADR,flip_counterfactual,PAIR_TWO_SIDED_GRID_T125_S020_STOP_AFTER_3_PAIR_RESETS_WEEK,close_small_loss_warehouse_large_loss,13_plus_weeks,28,-4204.952653,-894.649901,0,0.785714,3463.083333,AUDNZD,-3387.285553,AUD,-4753.82012,15EDD5D97BDF4B85005903328BFDA13EE6BA4DFB4D7EBB11098D70DC6BA75ACE
PAIR_TWO_SIDED_GRID_T125_S020_STOP_AFTER_3_PAIR_RESETS_WEEK__NO_FLIP_FORCE_DIAGNOSTIC,flip_counterfactual,PAIR_TWO_SIDED_GRID_T125_S020_STOP_AFTER_3_PAIR_RESETS_WEEK,no_flip_force_no_new_fills,same_week,15929,-84.566249,0,0,0.9941,24.45,GBPNZD,-22.661079,NZD,-59.401239,3849929E0B3E4E1EC3EB1EFB68B83EDD5C4741114F19818418E2B7D79036AA23
PAIR_TWO_SIDED_GRID_T125_S020_STOP_AFTER_3_PAIR_RESETS_WEEK__NO_FLIP_FORCE_DIAGNOSTIC,flip_counterfactual,PAIR_TWO_SIDED_GRID_T125_S020_STOP_AFTER_3_PAIR_RESETS_WEEK,no_flip_force_no_new_fills,1_2_weeks,1075,-24.019263,0,0,0.997209,205.025,GBPCHF,-20.276503,GBP,-24.019263,9F6604D9B047CB45DED5EF4E0CDEA32E8EFA3E3AB1B9DA8A7B4F649D43BFD6F9
PAIR_TWO_SIDED_GRID_T125_S020_STOP_AFTER_3_PAIR_RESETS_WEEK__NO_FLIP_FORCE_DIAGNOSTIC,flip_counterfactual,PAIR_TWO_SIDED_GRID_T125_S020_STOP_AFTER_3_PAIR_RESETS_WEEK,no_flip_force_no_new_fills,5_8_weeks,180,-81.529317,0,0,0.994444,883.3,USDCAD,-81.529317,USD,-81.529317,0E6083706260C3E66B9009D18347F5498630BB57385CE73D73814C3778B6B77C
PAIR_TWO_SIDED_GRID_T125_S020_STOP_AFTER_3_PAIR_RESETS_WEEK__NO_FLIP_FORCE_DIAGNOSTIC,flip_counterfactual,PAIR_TWO_SIDED_GRID_T125_S020_STOP_AFTER_3_PAIR_RESETS_WEEK,no_flip_force_no_new_fills,3_4_weeks,400,-49.295001,0,0,0.99,435.266667,EURUSD,-31.790104,USD,-43.794568,9757E70E961C48139AE5357986429BCF0F1A9766D490C9527728936D04A05DA3
PAIR_TWO_SIDED_GRID_T125_S020_STOP_AFTER_3_PAIR_RESETS_WEEK__NO_FLIP_FORCE_DIAGNOSTIC,flip_counterfactual,PAIR_TWO_SIDED_GRID_T125_S020_STOP_AFTER_3_PAIR_RESETS_WEEK,no_flip_force_no_new_fills,9_13_weeks,64,-59.706497,0,0,0.96875,1646.566667,EURCAD,-34.896068,EUR,-59.706497,CFAE05E5B00D98DC4711AF7CF0063C9CE2FB3923CF425342CEEC0AF8F08FD2EB
PAIR_TWO_SIDED_GRID_T125_S020_STOP_AFTER_3_PAIR_RESETS_WEEK__NO_FLIP_FORCE_DIAGNOSTIC,flip_counterfactual,PAIR_TWO_SIDED_GRID_T125_S020_STOP_AFTER_3_PAIR_RESETS_WEEK,no_flip_force_no_new_fills,13_plus_weeks,88,-11556.496,0,0,0.738636,3802.566667,AUDNZD,-4415.164931,AUD,-7765.635311,803D07EFA3B56F71A6EF73EFF8985B4D9C6754DDAF60A458BE33F6D4138F6DBD
FULLY_HEDGED_LONG_SHORT_28_PAIR_WEEKLY_T100_S020_L3_REFERENCE,fully_hedged_reference,,current_forced_flip_close,same_week,56476,-53603.620104,0,0,0.856204,18.95,NZDJPY,-2276.180782,JPY,-14820.576033,B3ACA7070AFB4D67AD4D8AC4959DC873668E806C1641804DFFE088FB8237FBC2
