date,teams,season,HM_total,Book_total,season_avg_total,edge_points,final_total,result,profit_units
2022-03-09,Idaho @ Sacramento State,2022,145.06315607276963,138.5,140.11271201896773,6.56315607276963,111.0,L,-1.0
2022-03-11,Fordham @ Davidson,2022,134.7120340011292,129.0,140.11271201896773,5.7120340011292114,130.0,W,0.9090909090909092
2022-03-12,Coppin State @ Norfolk State,2022,142.55675622662483,136.75,140.11271201896773,5.806756226624827,129.0,L,-1.0
2022-03-12,Saint Louis @ Davidson,2022,145.34773576398155,137.0,140.11271201896773,8.347735763981547,153.0,W,0.9090909090909092
2022-03-12,Texas Tech @ Kansas,2022,140.67994658559974,134.5,140.11271201896773,6.179946585599737,139.0,W,0.9090909090909092
2022-03-12,Tulane @ Houston,2022,138.06996264726877,131.5,140.11271201896773,6.569962647268767,152.0,W,0.9090909090909092
2022-03-13,Memphis @ Houston,2022,138.59383723602042,133.5,140.11271201896773,5.09383723602042,124.0,L,-1.0
2022-03-13,Richmond @ Davidson,2022,142.28449928146838,137.0,140.11271201896773,5.284499281468385,126.0,L,-1.0
2022-03-18,TCU @ Seton Hall,2022,133.97395510494943,128.5,140.11271201896773,5.473955104949425,111.0,L,-1.0
2022-11-07,Air Force @ Bowling Green,2023,141.76799816429428,135.5,141.49279138440158,6.2679981642942835,120.0,L,-1.0
2022-11-07,The Citadel @ Clemson,2023,145.9240726746293,137.0,141.49279138440158,8.924072674629286,149.0,W,0.8695652173913042
2022-11-09,Monmouth @ Seton Hall,2023,139.6186118818596,134.5,141.49279138440158,5.118611881859607,131.0,L,-1.0
2022-11-10,Cleveland State @ Cincinnati,2023,143.56571998250206,138.5,141.49279138440158,5.06571998250206,127.0,L,-1.0
2022-11-10,Presbyterian @ The Citadel,2023,139.1190417467941,133.5,141.49279138440158,5.619041746794096,128.0,L,-1.0
2022-11-11,Georgia @ Wake Forest,2023,151.60885602612422,138.0,141.49279138440158,13.608856026124215,152.0,W,0.9090909090909092
2022-11-11,Monmouth @ Virginia,2023,127.63588127729365,122.5,141.49279138440158,5.135881277293649,131.0,W,0.9090909090909092
2022-11-11,SMU @ Dayton,2023,137.51072200967468,132.5,141.49279138440158,5.01072200967468,136.0,W,0.9090909090909092
2022-11-12,Cleveland State @ Ohio,2023,142.76386895988105,136.5,141.49279138440158,6.2638689598810515,151.0,W,0.9090909090909092
2022-11-12,Grand Canyon @ Nevada,2023,145.63933047944602,138.0,141.49279138440158,7.639330479446016,105.0,L,-1.0
2022-11-12,Incarnate Word @ UNLV,2023,138.82420999474675,133.0,141.49279138440158,5.824209994746752,151.0,W,0.9090909090909092
2022-11-12,Wagner @ La Salle,2023,137.7416474506586,130.5,141.49279138440158,7.241647450658604,146.0,W,0.9090909090909092
2022-11-14,Miami (OH) @ Georgia,2023,148.7022062733081,140.0,141.49279138440158,8.702206273308093,147.0,W,0.970873786407767
2022-11-14,Northwestern State @ TCU,2023,144.89203524931773,137.0,141.49279138440158,7.892035249317729,127.0,L,-1.0
2022-11-15,Mercer @ Georgia State,2023,137.03546899678625,132.0,141.49279138440158,5.03546899678625,168.0,W,0.9090909090909092
2022-11-15,Montana State @ Oregon,2023,143.4438064523659,136.5,141.49279138440158,6.943806452365891,132.0,L,-1.0
2022-11-15,UNC Wilmington @ Oklahoma,2023,134.04741315223808,128.0,141.49279138440158,6.047413152238079,127.0,L,-1.0
2022-11-15,USC Upstate @ Clemson,2023,145.28473091027462,138.0,141.49279138440158,7.284730910274618,151.0,W,0.9090909090909092
2022-11-15,Vanderbilt @ Temple,2023,140.14641975417925,133.5,141.49279138440158,6.646419754179249,176.0,W,0.9090909090909092
2022-11-15,Yale @ Hawai'i,2023,138.63605152265825,132.5,141.49279138440158,6.136051522658249,121.0,L,-1.0
2022-11-16,Cleveland State @ Canisius,2023,144.1389642888635,138.0,141.49279138440158,6.138964288863491,115.0,L,-1.0
2022-11-17,Northwestern State @ Illinois State,2023,149.8319536343562,134.0,141.49279138440158,15.83195363435621,137.0,W,0.9090909090909092
2022-11-17,Wichita State @ Richmond,2023,138.21348589707085,132.0,141.49279138440158,6.2134858970708535,109.0,L,-1.0
2022-11-18,Boise State @ Loyola Chicago,2023,131.39072949373363,126.25,141.49279138440158,5.14072949373363,118.0,L,-1.0
2022-11-18,Oklahoma State @ UCF,2023,141.8340840708908,133.0,141.49279138440158,8.83408407089081,116.0,L,-1.0
2022-11-18,South Alabama @ Oklahoma,2023,137.4101262406284,128.5,141.49279138440158,8.910126240628387,124.0,L,-1.0
2022-11-18,Southern Miss @ Liberty,2023,138.33548861357116,132.5,141.49279138440158,5.835488613571158,148.0,W,0.9090909090909092
2022-11-18,Temple @ Rutgers,2023,137.20161590499583,131.25,141.49279138440158,5.951615904995833,138.0,W,0.9090909090909092
2022-11-18,UC San Diego @ Navy,2023,137.420530586574,132.0,141.49279138440158,5.420530586573989,147.0,W,0.9090909090909092
2022-11-18,VMI @ Longwood,2023,144.88309968947192,138.0,141.49279138440158,6.883099689471919,148.0,W,0.9090909090909092
2022-11-18,Vermont @ Iona,2023,144.18554200939775,137.5,141.49279138440158,6.68554200939775,121.0,L,-1.0
2022-11-19,American @ NJIT,2023,134.299102436692,127.5,141.49279138440158,6.79910243669201,111.0,L,-1.0
2022-11-19,Villanova @ Michigan State,2023,139.26859805627615,130.5,141.49279138440158,8.768598056276147,144.0,W,0.9090909090909092
2022-11-20,Oklahoma State @ DePaul,2023,144.63465237805715,136.5,141.49279138440158,8.134652378057154,160.0,W,0.9090909090909092
2022-11-20,UCF @ Santa Clara,2023,150.22816494098976,137.0,141.49279138440158,13.228164940989757,107.0,L,-1.0
2022-11-20,UMass @ Charlotte,2023,145.21978507124416,133.0,141.49279138440158,12.21978507124416,114.0,L,-1.0
2022-11-20,VCU @ Memphis,2023,144.0020525337189,136.0,141.49279138440158,8.00205253371891,109.0,L,-1.0
2022-11-20,Wagner @ Seton Hall,2023,138.5336162807614,133.5,141.49279138440158,5.033616280761407,126.0,L,-1.0
2022-11-21,Georgia Tech @ Utah,2023,142.73438154258344,135.5,141.49279138440158,7.234381542583435,132.0,L,-1.0
2022-11-21,Illinois State @ LSU,2023,143.0950779710305,135.5,141.49279138440158,7.595077971030491,138.0,W,0.9090909090909092
2022-11-21,Louisville @ Arkansas,2023,145.00114160502378,140.0,141.49279138440158,5.001141605023776,134.0,L,-1.0
2022-11-21,USC Upstate @ Air Force,2023,136.1945204031499,129.5,141.49279138440158,6.694520403149909,139.0,W,0.9090909090909092
2022-11-22,Alcorn State @ UTEP,2023,140.4228405653506,131.5,141.49279138440158,8.922840565350612,134.0,W,0.9090909090909092
2022-11-22,Liberty @ Northwestern,2023,141.60647980456486,131.0,141.49279138440158,10.606479804564856,118.0,L,-1.0
2022-11-22,Nevada @ Kansas State,2023,148.3589288647333,139.25,141.49279138440158,9.108928864733286,183.0,W,0.9090909090909092
2022-11-22,Northern Iowa @ Grand Canyon,2023,141.41327560382967,127.25,141.49279138440158,14.163275603829675,136.0,W,0.9090909090909092
2022-11-22,Richmond @ Temple,2023,140.12138740788768,133.5,141.49279138440158,6.621387407887681,110.0,L,-1.0
2022-11-22,San Francisco @ Wichita State,2023,141.41064573366367,134.5,141.49279138440158,6.910645733663671,130.0,L,-1.0
2022-11-23,Akron @ Nevada,2023,141.46634551994822,128.5,141.49279138440158,12.96634551994822,120.0,L,-1.0
2022-11-23,Bradley @ Liberty,2023,140.29944375707134,132.5,141.49279138440158,7.799443757071344,99.0,L,-1.0
2022-11-23,Chicago State @ Cleveland State,2023,140.54210315038262,128.5,141.49279138440158,12.042103150382616,140.0,W,0.9090909090909092
2022-11-23,Evansville @ UCF,2023,135.32544479157653,122.5,141.49279138440158,12.82544479157653,132.0,W,0.9090909090909092
2022-11-23,Fresno State @ Washington,2023,132.94595736013449,125.5,141.49279138440158,7.445957360134486,119.0,L,-1.0
2022-11-23,Idaho @ Cal Poly,2023,141.29729542414844,127.5,141.49279138440158,13.797295424148444,153.0,W,0.9090909090909092
2022-11-23,Louisville @ Cincinnati,2023,140.96265414397595,131.0,141.49279138440158,9.962654143975954,143.0,W,0.9090909090909092
2022-11-23,Minnesota @ UNLV,2023,136.230498657628,125.5,141.49279138440158,10.730498657628004,133.0,W,0.8849557522123894
2022-11-24,Iowa State @ Villanova,2023,133.10859078971868,126.0,141.49279138440158,7.108590789718676,160.0,W,0.9090909090909092
2022-11-24,Kansas @ Wisconsin,2023,144.09635731020384,128.0,141.49279138440158,16.096357310203842,137.0,W,0.9090909090909092
2022-11-25,Dayton @ BYU,2023,137.7051840950271,130.5,141.49279138440158,7.205184095027107,154.0,W,0.9090909090909092
2022-11-25,Nebraska @ Memphis,2023,153.96971925712307,139.0,141.49279138440158,14.969719257123074,134.0,L,-1.0
2022-11-25,Oklahoma @ Seton Hall,2023,137.0037730696493,127.25,141.49279138440158,9.753773069649299,141.0,W,0.9090909090909092
2022-11-25,Sacramento State @ Hawai'i,2023,131.2163664408627,124.0,141.49279138440158,7.216366440862714,135.0,W,0.9090909090909092
2022-11-25,TCU @ California,2023,132.6324848692857,127.0,141.49279138440158,5.63248486928569,107.0,L,-1.0
2022-11-25,Towson @ Fairfield,2023,132.65855619340198,127.5,141.49279138440158,5.158556193401978,143.0,W,0.9090909090909092
2022-11-25,Washington @ Saint Mary's,2023,135.3427178781416,127.0,141.49279138440158,8.342717878141599,132.0,W,0.9090909090909092
2022-11-25,Wisconsin @ USC,2023,137.91764224123403,125.5,141.49279138440158,12.417642241234034,123.0,L,-1.0
2022-11-26,Ball State @ Missouri State,2023,148.45043753083613,139.0,141.49279138440158,9.450437530836126,131.0,L,-1.0
2022-11-26,Kennesaw State @ VCU,2023,139.0215995310354,132.5,141.49279138440158,6.521599531035406,125.0,L,-1.0
2022-11-26,Marist @ Bucknell,2023,141.3974212658327,135.0,141.49279138440158,6.3974212658326906,114.0,L,-1.0
2022-11-26,Merrimack @ Bradley,2023,132.60063294033768,126.0,141.49279138440158,6.600632940337675,124.0,L,-1.0
2022-11-26,Niagara @ St. John's,2023,147.59204879672734,136.5,141.49279138440158,11.09204879672734,148.0,W,0.9090909090909092
2022-11-26,Oregon @ Michigan State,2023,145.51398931863397,134.0,141.49279138440158,11.513989318633975,144.0,W,0.9090909090909092
2022-11-26,Presbyterian @ Charlotte,2023,133.07226830158805,122.0,141.49279138440158,11.072268301588053,111.0,L,-1.0
2022-11-27,Alcorn State @ Arizona State,2023,138.53171057183428,133.5,141.49279138440158,5.031710571834282,130.0,L,-1.0
2022-11-27,Ball State @ San Jose State,2023,144.01216262391657,134.0,141.49279138440158,10.012162623916566,132.0,L,-1.0
2022-11-27,Bethune-Cookman @ Northwestern State,2023,144.2622118287452,132.5,141.49279138440158,11.762211828745194,135.0,W,0.9090909090909092
2022-11-27,Drexel @ Temple,2023,139.33819516436415,129.5,141.49279138440158,9.838195164364151,134.0,W,0.9090909090909092
2022-11-27,Florida State @ Nebraska,2023,147.87695705184606,139.5,141.49279138440158,8.376957051846063,133.0,L,-1.0
2022-11-27,Harvard @ Fordham,2023,137.08960221926208,132.0,141.49279138440158,5.089602219262076,128.0,L,-1.0
2022-11-27,Montana @ Air Force,2023,130.01402250032106,123.0,141.49279138440158,7.014022500321062,115.0,L,-1.0
2022-11-27,Stanford @ Memphis,2023,145.06934838320848,137.5,141.49279138440158,7.569348383208478,104.0,L,-1.0
2022-11-27,Texas State @ Hawai'i,2023,131.9644296250773,125.5,141.49279138440158,6.464429625077287,137.0,W,0.9090909090909092
2022-11-27,UNC Wilmington @ North Texas,2023,123.38080877950486,117.5,141.49279138440158,5.880808779504861,106.0,L,-1.0
2022-11-27,Vermont @ Long Beach State,2023,148.02478570356652,138.5,141.49279138440158,9.524785703566522,136.0,L,-1.0
2022-11-28,Columbia @ Marist,2023,141.90806973782068,136.5,141.49279138440158,5.408069737820682,91.0,L,-1.0
2022-11-28,Incarnate Word @ UTSA,2023,139.45169411464593,133.5,141.49279138440158,5.951694114645932,130.0,L,-1.0
2022-11-28,Pittsburgh @ Northwestern,2023,137.80150131564602,129.0,141.49279138440158,8.801501315646021,145.0,W,0.9433962264150944
2022-11-28,Sam Houston @ Nevada,2023,142.85528111637115,129.0,141.49279138440158,13.855281116371145,138.0,W,0.9090909090909092
2022-11-29,Alcorn State @ Grand Canyon,2023,139.16933379302424,125.5,141.49279138440158,13.669333793024236,152.0,W,0.9090909090909092
2022-11-29,Charlotte @ Davidson,2023,139.65823001570766,127.5,141.49279138440158,12.158230015707659,134.0,W,0.8771929824561404
2022-11-29,Montana @ Southern Miss,2023,137.86429870227204,128.5,141.49279138440158,9.364298702272038,118.0,L,-1.0
2022-11-29,Norfolk State @ Houston,2023,136.14347466601515,128.5,141.49279138440158,7.643474666015152,152.0,W,0.9090909090909092
2022-11-29,Wake Forest @ Wisconsin,2023,145.01838750061125,130.0,141.49279138440158,15.018387500611254,153.0,W,0.8849557522123894
2022-11-30,Boston College @ Nebraska,2023,143.21189171381644,131.0,141.49279138440158,12.211891713816442,155.0,W,0.9090909090909092
2022-11-30,Georgetown @ Texas Tech,2023,143.91898876188048,137.5,141.49279138440158,6.418988761880485,144.0,W,0.9090909090909092
2022-11-30,Howard @ Yale,2023,147.89877840044494,135.0,141.49279138440158,12.89877840044494,126.0,L,-1.0
2022-11-30,Lafayette @ Drexel,2023,136.02737677673034,121.0,141.49279138440158,15.027376776730335,120.0,L,-1.0
2022-11-30,McNeese @ Tennessee,2023,146.56485951055112,133.5,141.49279138440158,13.064859510551116,116.0,L,-1.0
2022-11-30,NJIT @ Cincinnati,2023,138.65921663881977,132.0,141.49279138440158,6.659216638819771,146.0,W,0.9090909090909092
2022-11-30,Northern Iowa @ Bradley,2023,145.41387931425578,137.0,141.49279138440158,8.41387931425578,121.0,L,-1.0
2022-11-30,Ohio State @ Duke,2023,142.73936878901947,135.5,141.49279138440158,7.239368789019466,153.0,W,0.9090909090909092
2022-11-30,St. Francis (PA) @ Bucknell,2023,146.56304706899203,140.5,141.49279138440158,6.063047068992034,154.0,W,0.9090909090909092
2022-11-30,Vanderbilt @ VCU,2023,137.22545352644198,130.0,141.49279138440158,7.2254535264419815,135.0,W,0.9090909090909092
2022-11-30,Wyoming @ Santa Clara,2023,148.79572200311765,135.0,141.49279138440158,13.795722003117646,174.0,W,0.9090909090909092
2022-12-01,Illinois State @ Murray State,2023,142.59405841694058,137.5,141.49279138440158,5.094058416940584,137.0,L,-1.0
2022-12-01,Northwestern State @ Stephen F. Austin,2023,149.37483625460064,138.5,141.49279138440158,10.874836254600638,198.0,W,0.9090909090909092
2022-12-01,Oakland @ Cleveland State,2023,144.6549334257965,135.5,141.49279138440158,9.154933425796486,144.0,W,0.9090909090909092
2022-12-01,Seton Hall @ Kansas,2023,145.48635927578567,138.5,141.49279138440158,6.986359275785674,156.0,W,0.9090909090909092
2022-12-02,Appalachian State @ Charlotte,2023,133.14667628241745,122.0,141.49279138440158,11.146676282417445,133.0,W,0.9090909090909092
2022-12-02,Florida A&M @ Georgia,2023,141.02479856391537,130.5,141.49279138440158,10.524798563915368,114.0,L,-1.0
2022-12-02,Niagara @ Iona,2023,139.23746077666,129.5,141.49279138440158,9.737460776659987,134.0,W,0.9090909090909092
2022-12-02,Northeastern @ Georgia Tech,2023,136.45706794975996,130.5,141.49279138440158,5.95706794975996,144.0,W,0.9090909090909092
2022-12-03,Boston College @ Duke,2023,140.06367901500957,129.5,141.49279138440158,10.56367901500957,134.0,W,0.9090909090909092
2022-12-03,Bradley @ Missouri State,2023,144.0852808280366,127.5,141.49279138440158,16.585280828036588,98.0,L,-1.0
2022-12-03,Detroit Mercy @ Cleveland State,2023,141.27139933133645,133.5,141.49279138440158,7.771399331336454,169.0,W,0.9090909090909092
2022-12-03,Evansville @ Northern Iowa,2023,138.21505301941988,132.0,141.49279138440158,6.215053019419884,127.0,L,-1.0
2022-12-03,Grand Canyon @ Wyoming,2023,137.01890947236177,126.5,141.49279138440158,10.51890947236177,124.0,L,-1.0
2022-12-03,Oklahoma @ Villanova,2023,132.90814110320184,126.5,141.49279138440158,6.408141103201842,136.0,W,0.9090909090909092
2022-12-03,Omaha @ North Texas,2023,130.3522106895071,121.5,141.49279138440158,8.852210689507103,120.0,L,-1.0
2022-12-03,Saint Mary's @ Houston,2023,128.2508569548744,118.5,141.49279138440158,9.750856954874394,101.0,L,-1.0
2022-12-03,San Jose State @ Arkansas,2023,143.74209612774996,133.5,141.49279138440158,10.24209612774996,157.0,W,0.9090909090909092
2022-12-03,South Carolina @ Georgetown,2023,148.1257956221416,140.5,141.49279138440158,7.625795622141595,145.0,W,0.9090909090909092
2022-12-03,Syracuse @ Notre Dame,2023,143.1065570738161,136.5,141.49279138440158,6.606557073816106,123.0,L,-1.0
2022-12-03,VCU @ Temple,2023,138.18516276268838,129.5,141.49279138440158,8.685162762688378,156.0,W,0.9090909090909092
2022-12-03,Wichita State @ Kansas State,2023,138.9012311736996,130.5,141.49279138440158,8.401231173699614,105.0,L,-1.0
2022-12-03,Wisconsin @ Marquette,2023,147.12400684911006,135.5,141.49279138440158,11.62400684911006,157.0,W,0.9090909090909092
2022-12-04,Alcorn State @ Tennessee,2023,142.79373731931994,131.0,141.49279138440158,11.793737319319945,134.0,W,0.9090909090909092
2022-12-04,Lafayette @ Cornell,2023,147.98341799904694,136.5,141.49279138440158,11.483417999046935,141.0,W,0.9090909090909092
2022-12-04,Marist @ Maine,2023,135.206399738577,126.0,141.49279138440158,9.206399738577005,123.0,L,-1.0
2022-12-04,Minnesota @ Purdue,2023,139.14979410822116,131.5,141.49279138440158,7.649794108221158,159.0,W,0.9345794392523366
2022-12-04,Monmouth @ Manhattan,2023,142.24137073367,134.5,141.49279138440158,7.74137073367001,145.0,W,0.9090909090909092
2022-12-04,Niagara @ Quinnipiac,2023,137.16643317175755,129.5,141.49279138440158,7.6664331717575465,124.0,L,-1.0
2022-12-04,Northwestern @ Michigan State,2023,145.67034373415808,127.0,141.49279138440158,18.67034373415808,133.0,W,0.8849557522123894
2022-12-04,Oregon State @ USC,2023,139.8423169529257,133.5,141.49279138440158,6.3423169529256995,125.0,L,-1.0
2022-12-04,Samford @ UCF,2023,147.32806545421613,139.5,141.49279138440158,7.82806545421613,157.0,W,0.9090909090909092
2022-12-06,Georgia @ Georgia Tech,2023,147.12855197933024,131.5,141.49279138440158,15.62855197933024,156.0,W,0.9090909090909092
2022-12-06,Green Bay @ Loyola Chicago,2023,130.92088016125547,125.5,141.49279138440158,5.420880161255468,116.0,L,-1.0
2022-12-06,Hartford @ St. Francis (BKN),2023,141.09553525209475,135.0,141.49279138440158,6.095535252094749,118.0,L,-1.0
2022-12-06,Lafayette @ Princeton,2023,141.0667641860537,131.5,141.49279138440158,9.566764186053689,127.0,L,-1.0
2022-12-06,Maryland @ Wisconsin,2023,140.58053594323638,131.0,141.49279138440158,9.580535943236384,123.0,L,-1.0
2022-12-06,North Dakota @ Idaho,2023,148.54633497946364,140.0,141.49279138440158,8.546334979463637,142.0,W,0.9090909090909092
2022-12-06,South Dakota @ Air Force,2023,133.06561933728426,127.5,141.49279138440158,5.565619337284261,137.0,W,0.9090909090909092
2022-12-06,Yale @ Butler,2023,137.0028124700827,132.0,141.49279138440158,5.002812470082688,132.0,P,0.0
2022-12-07,Cleveland State @ St. Bonaventure,2023,140.1946007332004,131.0,141.49279138440158,9.194600733200389,103.0,L,-1.0
2022-12-07,Hawai'i @ UNLV,2023,136.89806919075528,130.0,141.49279138440158,6.89806919075528,139.0,W,0.9090909090909092
2022-12-07,Loyola Marymount @ Grand Canyon,2023,137.76214602578608,132.5,141.49279138440158,5.26214602578608,134.0,W,0.9090909090909092
2022-12-07,Manhattan @ Providence,2023,139.95353219698436,134.0,141.49279138440158,5.953532196984355,158.0,W,0.9090909090909092
2022-12-07,Missouri State @ Saint Mary's,2023,135.01641116060262,120.0,141.49279138440158,15.016411160602615,112.0,L,-1.0
2022-12-07,Nebraska @ Indiana,2023,147.62542679339816,134.0,141.49279138440158,13.625426793398162,146.0,W,0.9090909090909092
2022-12-07,Towson @ Clemson,2023,139.04729164450686,132.0,141.49279138440158,7.047291644506856,155.0,W,0.9090909090909092
2022-12-08,Iowa State @ Iowa,2023,143.84028449168068,137.5,141.49279138440158,6.340284491680677,131.0,L,-1.0
2022-12-09,Arkansas State @ Air Force,2023,133.2325972062562,120.5,141.49279138440158,12.732597206256202,135.0,W,0.9090909090909092
2022-12-09,McNeese @ Northern Iowa,2023,149.24546140434924,136.5,141.49279138440158,12.745461404349243,101.0,L,-1.0
2022-12-10,Alabama @ Houston,2023,146.75084933609364,138.5,141.49279138440158,8.250849336093637,136.0,L,-1.0
2022-12-10,Arkansas @ Oklahoma,2023,141.94825679007698,136.0,141.49279138440158,5.948256790076982,166.0,W,0.9090909090909092
2022-12-10,Brown @ Michigan State,2023,144.97514872044937,131.5,141.49279138440158,13.475148720449369,118.0,L,-1.0
2022-12-10,Detroit Mercy @ Charlotte,2023,137.91687971118307,132.0,141.49279138440158,5.916879711183071,162.0,W,0.9090909090909092
2022-12-10,Drexel @ La Salle,2023,138.7396279692991,131.0,141.49279138440158,7.739627969299107,123.0,L,-1.0
2022-12-10,Gardner-Webb @ Old Dominion,2023,133.81520282578856,126.0,141.49279138440158,7.81520282578856,87.0,L,-1.0
2022-12-10,Grand Canyon @ North Texas,2023,123.43986254330373,113.5,141.49279138440158,9.939862543303732,118.0,W,0.8695652173913042
2022-12-10,Lafayette @ Quinnipiac,2023,140.5228087800887,131.0,141.49279138440158,9.522808780088695,139.0,W,0.9090909090909092
2022-12-10,Longwood @ Wichita State,2023,138.9559721537089,132.0,141.49279138440158,6.955972153708899,144.0,W,0.9090909090909092
2022-12-10,Loyola Chicago @ Clemson,2023,137.06578693461665,131.0,141.49279138440158,6.0657869346166535,134.0,W,0.9090909090909092
2022-12-10,Nevada @ Oregon,2023,150.55282875727974,137.5,141.49279138440158,13.052828757279741,143.0,W,0.9090909090909092
2022-12-10,Omaha @ Montana State,2023,145.7515751431006,137.5,141.49279138440158,8.25157514310061,136.0,L,-1.0
2022-12-10,San Jose State @ Santa Clara,2023,147.72140422475218,140.0,141.49279138440158,7.7214042247521775,139.0,L,-1.0
2022-12-10,Vermont @ Colgate,2023,142.90888530921254,137.5,141.49279138440158,5.408885309212536,145.0,W,0.9090909090909092
2022-12-10,Yale @ Kentucky,2023,145.5439617488992,137.5,141.49279138440158,8.043961748899193,128.0,L,-1.0
2022-12-11,Howard @ VCU,2023,143.10887928786173,133.0,141.49279138440158,10.108879287861726,130.0,L,-1.0
2022-12-11,Incarnate Word @ Kansas State,2023,138.42827493961258,132.5,141.49279138440158,5.928274939612578,148.0,W,0.9090909090909092
2022-12-11,McNeese @ Iowa State,2023,141.24165665467967,128.5,141.49279138440158,12.741656654679673,117.0,L,-1.0
2022-12-11,Oregon State @ Texas A&M,2023,140.47171862727942,135.0,141.49279138440158,5.471718627279415,126.0,L,-1.0
2022-12-11,Presbyterian @ South Carolina,2023,135.9242323842445,126.5,141.49279138440158,9.424232384244505,125.0,L,-1.0
2022-12-11,Seton Hall @ Rutgers,2023,137.48170688837706,131.0,141.49279138440158,6.481706888377062,88.0,L,-1.0
2022-12-11,Tennessee @ Maryland,2023,142.35937745018379,134.0,141.49279138440158,8.359377450183786,109.0,L,-1.0
2022-12-11,Wisconsin @ Iowa,2023,146.8532807571687,134.0,141.49279138440158,12.853280757168704,153.0,W,0.9090909090909092
2022-12-12,Columbia @ Lafayette,2023,142.03572284753608,130.0,141.49279138440158,12.035722847536078,102.0,L,-1.0
2022-12-13,Cal Poly @ Washington,2023,137.75742294257668,129.5,141.49279138440158,8.257422942576682,142.0,W,0.9090909090909092
2022-12-14,Drexel @ Seton Hall,2023,139.44615327019318,126.0,141.49279138440158,13.446153270193179,115.0,L,-1.0
2022-12-14,Georgia State @ Auburn,2023,143.98635777819277,134.5,141.49279138440158,9.486357778192769,136.0,W,0.9090909090909092
2022-12-14,UC San Diego @ Nevada,2023,151.31445928953076,135.5,141.49279138440158,15.81445928953076,120.0,L,-1.0
2022-12-15,Lehigh @ Wisconsin,2023,141.39692914934292,132.5,141.49279138440158,8.896929149342924,134.0,W,0.9090909090909092
2022-12-15,Seattle @ Oregon State,2023,145.93320812193605,136.5,141.49279138440158,9.433208121936048,131.0,L,-1.0
2022-12-15,Stony Brook @ Wagner,2023,142.22883793954904,129.5,141.49279138440158,12.728837939549038,113.0,L,-1.0
2022-12-16,Weber State @ Cal Poly,2023,138.43155903567475,129.0,141.49279138440158,9.431559035674752,119.0,L,-1.0
2022-12-17,Alabama State @ Georgia Tech,2023,145.95729137282092,137.0,141.49279138440158,8.957291372820919,156.0,W,0.9090909090909092
2022-12-17,Bradley @ Arkansas,2023,146.88211747760073,136.5,141.49279138440158,10.38211747760073,133.0,L,-1.0
2022-12-17,DePaul @ Northwestern,2023,146.56443464381405,134.5,141.49279138440158,12.064434643814053,128.0,L,-1.0
2022-12-17,Nebraska @ Kansas State,2023,147.80951486824225,134.5,141.49279138440158,13.309514868242246,127.0,L,-1.0
2022-12-17,North Texas @ UMass,2023,131.72420165479804,124.5,141.49279138440158,7.224201654798037,106.0,L,-1.0
2022-12-17,Northern Iowa @ Towson,2023,142.36860614497186,133.0,141.49279138440158,9.368606144971864,149.0,W,0.9090909090909092
2022-12-17,Pepperdine @ Grand Canyon,2023,143.82132026998858,136.0,141.49279138440158,7.8213202699885755,156.0,W,0.9090909090909092
2022-12-17,Richmond @ Clemson,2023,140.20083843594986,132.0,141.49279138440158,8.200838435949862,142.0,W,0.9090909090909092
2022-12-17,Wake Forest @ Rutgers,2023,142.5387080164803,133.5,141.49279138440158,9.038708016480314,138.0,W,0.9090909090909092
2022-12-18,Alcorn State @ Seattle,2023,146.1820919632363,140.5,141.49279138440158,5.682091963236303,130.0,L,-1.0
2022-12-18,California @ Santa Clara,2023,142.65683473334005,133.5,141.49279138440158,9.156834733340048,133.0,L,-1.0
2022-12-18,Cleveland State @ Loyola Marymount,2023,142.28327832706685,135.5,141.49279138440158,6.783278327066853,129.0,L,-1.0
2022-12-18,Green Bay @ Oregon State,2023,135.42049924259135,128.0,141.49279138440158,7.420499242591347,121.0,L,-1.0
2022-12-18,Howard @ Harvard,2023,146.06768038702216,136.5,141.49279138440158,9.567680387022165,120.0,L,-1.0
2022-12-18,McNeese @ Southern Miss,2023,144.84580214124205,137.0,141.49279138440158,7.8458021412420464,153.0,W,0.9090909090909092
2022-12-18,William & Mary @ UMBC,2023,144.98721902621207,139.5,141.49279138440158,5.487219026212074,140.0,W,0.9090909090909092
2022-12-19,Alabama State @ Arkansas State,2023,145.85869190550378,129.0,141.49279138440158,16.858691905503775,137.0,W,0.9090909090909092
2022-12-19,Chicago State @ Illinois State,2023,142.4496398784574,135.0,141.49279138440158,7.44963987845739,118.0,L,-1.0
2022-12-19,Manhattan @ Marist,2023,140.13416188923122,130.5,141.49279138440158,9.634161889231223,149.0,W,0.9090909090909092
2022-12-20,Alcorn State @ Dayton,2023,136.69813101899652,130.5,141.49279138440158,6.19813101899652,134.0,W,0.9090909090909092
2022-12-20,Cal Poly @ San Jose State,2023,133.20501138729705,122.0,141.49279138440158,11.205011387297048,108.0,L,-1.0
2022-12-20,UIC @ Northwestern,2023,147.56820012783245,131.0,141.49279138440158,16.568200127832455,146.0,W,0.9090909090909092
2022-12-21,Austin Peay @ Tennessee,2023,137.7326348693824,127.5,141.49279138440158,10.232634869382395,130.0,W,0.9090909090909092
2022-12-21,Binghamton @ Niagara,2023,133.62644780586885,127.5,141.49279138440158,6.12644780586885,140.0,W,0.9090909090909092
2022-12-21,Bucknell @ Richmond,2023,143.8786431816859,134.5,141.49279138440158,9.378643181685902,152.0,W,0.9090909090909092
2022-12-21,George Mason @ Old Dominion,2023,132.889675959395,127.5,141.49279138440158,5.389675959394992,155.0,W,0.8849557522123894
2022-12-21,Lafayette @ La Salle,2023,137.09675754457055,128.0,141.49279138440158,9.09675754457055,155.0,W,0.9090909090909092
2022-12-21,McNeese @ Houston,2023,141.04749340577052,126.5,141.49279138440158,14.547493405770524,127.0,W,0.9090909090909092
2022-12-21,Norfolk State @ Nevada,2023,148.51021442164867,137.5,141.49279138440158,11.01021442164867,144.0,W,0.9090909090909092
2022-12-21,Sacramento State @ Cal State Fullerton,2023,133.09823883906606,125.0,141.49279138440158,8.098238839066056,108.0,L,-1.0
2022-12-21,St. Bonaventure @ Northern Iowa,2023,141.79766409048568,134.0,141.49279138440158,7.797664090485682,114.0,L,-1.0
2022-12-21,Stetson @ UCF,2023,137.91360389587084,127.0,141.49279138440158,10.913603895870835,131.0,W,0.9090909090909092
2022-12-21,UT Arlington @ California,2023,129.03968937969358,119.5,141.49279138440158,9.539689379693584,124.0,W,0.9090909090909092
2022-12-22,Akron @ Bradley,2023,135.08229914887096,122.5,141.49279138440158,12.582299148870959,129.0,W,0.9090909090909092
2022-12-22,Charlotte @ UAB,2023,144.61611910875757,137.5,141.49279138440158,7.116119108757573,144.0,W,0.9090909090909092
2022-12-22,Hartford @ San Francisco,2023,144.94319611370724,139.5,141.49279138440158,5.443196113707245,138.0,L,-1.0
2022-12-22,Harvard @ Kansas,2023,145.18155116558137,139.0,141.49279138440158,6.181551165581368,122.0,L,-1.0
2022-12-22,Little Rock @ Arkansas State,2023,142.26074864417586,133.5,141.49279138440158,8.760748644175862,152.0,W,0.9345794392523366
2022-12-22,Loyola Chicago @ Stanford,2023,135.326051845417,125.0,141.49279138440158,10.326051845416998,137.0,W,0.8695652173913042
2022-12-22,Marist @ Rider,2023,137.72457863857394,128.0,141.49279138440158,9.724578638573945,148.0,W,0.9090909090909092
2022-12-22,Siena @ American,2023,134.0313716767191,127.0,141.49279138440158,7.03137167671909,125.0,L,-1.0
2022-12-22,Stony Brook @ West Virginia,2023,145.53405551509522,138.5,141.49279138440158,7.034055515095218,139.0,W,0.9090909090909092
2022-12-22,Texas Southern @ Wichita State,2023,139.6263817017832,133.5,141.49279138440158,6.1263817017832025,121.0,L,-1.0
2022-12-23,Bucknell @ Rutgers,2023,141.09233453700162,132.5,141.49279138440158,8.59233453700162,135.0,W,0.9090909090909092
2022-12-31,Louisiana @ Old Dominion,2023,145.27985994581718,134.5,141.49279138440158,10.77985994581718,136.0,W,0.9090909090909092
2023-01-04,Presbyterian @ Winthrop,2023,140.8458220952583,135.5,141.49279138440158,5.345822095258313,154.0,W,0.9090909090909092
2023-01-04,Texas A&M @ Florida,2023,145.4621356741795,138.0,141.49279138440158,7.462135674179507,129.0,L,-1.0
2023-01-04,Wofford @ Mercer,2023,142.33020544464074,135.5,141.49279138440158,6.83020544464074,105.0,L,-1.0
2023-01-05,Jacksonville State @ Liberty,2023,132.38567500075408,127.0,141.49279138440158,5.385675000754077,116.0,L,-1.0
2023-01-05,Old Dominion @ Troy,2023,137.0384103427542,129.5,141.49279138440158,7.53841034275419,149.0,W,1.0
2023-01-08,Rider @ Siena,2023,143.7301604891431,135.5,141.49279138440158,8.230160489143088,131.0,L,-1.0
2023-01-11,Radford @ Winthrop,2023,143.09824401277154,137.75,141.49279138440158,5.348244012771545,118.0,L,-1.0
2023-01-12,North Alabama @ Liberty,2023,139.66695710782537,134.0,141.49279138440158,5.666957107825368,126.0,L,-1.0
2023-01-14,Winthrop @ Campbell,2023,143.33267182672967,136.0,141.49279138440158,7.3326718267296656,152.0,W,0.9090909090909092
2023-01-21,Navy @ Army,2023,145.05045237439512,139.75,141.49279138440158,5.300452374395121,148.0,W,0.9090909090909092
2023-01-21,North Texas @ UAB,2023,137.49925626175266,127.5,141.49279138440158,9.999256261752663,115.0,L,-1.0
2023-01-21,Texas A&M @ Kentucky,2023,141.54952997897803,134.5,141.49279138440158,7.049529978978029,143.0,W,0.9090909090909092
2023-01-22,Binghamton @ Maine,2023,142.16845703395416,136.5,141.49279138440158,5.668457033954155,135.0,L,-1.0
2023-01-22,Manhattan @ Rider,2023,142.03136387196906,136.0,141.49279138440158,6.031363871969063,132.0,L,-1.0
2023-01-23,Florida A&M @ Jackson State,2023,135.91950434817187,130.5,141.49279138440158,5.41950434817187,117.0,L,-1.0
2023-01-25,Presbyterian @ UNC Asheville,2023,138.13161850657553,129.5,141.49279138440158,8.631618506575535,168.0,W,0.9090909090909092
2023-01-26,Longwood @ Radford,2023,136.01361819520807,131.0,141.49279138440158,5.013618195208068,122.0,L,-1.0
2023-01-26,Monmouth @ UNC Wilmington,2023,133.78064930489177,127.25,141.49279138440158,6.530649304891767,101.0,L,-1.0
2023-01-28,American @ Navy,2023,131.43874726872303,125.0,141.49279138440158,6.438747268723034,142.0,W,0.9090909090909092
2023-01-28,Lafayette @ Colgate,2023,139.36096351362144,132.75,141.49279138440158,6.610963513621442,126.0,L,-1.0
2023-01-28,Sacred Heart @ Stonehill,2023,144.95886018847511,139.5,141.49279138440158,5.458860188475114,163.0,W,0.8695652173913042
2023-01-28,UNC Asheville @ Campbell,2023,138.30073984036153,131.0,141.49279138440158,7.30073984036153,143.0,W,0.9090909090909092
2023-01-31,Texas A&M @ Arkansas,2023,142.19191439764012,136.5,141.49279138440158,5.691914397640119,151.0,W,0.9090909090909092
2023-02-03,VCU @ Saint Louis,2023,145.4820025889527,140.0,141.49279138440158,5.482002588952696,138.0,L,-1.0
2023-02-04,Campbell @ Longwood,2023,136.68019016314997,131.0,141.49279138440158,5.680190163149973,124.0,L,-1.0
2023-02-04,Washington State @ UCLA,2023,133.30938413368523,127.5,141.49279138440158,5.809384133685228,128.0,W,0.9090909090909092
2023-02-04,Winthrop @ Radford,2023,142.95629418341008,135.0,141.49279138440158,7.95629418341008,135.0,P,0.0
2023-02-05,Stanford @ Colorado,2023,142.49182263860519,135.5,141.49279138440158,6.991822638605186,146.0,W,0.9090909090909092
2023-02-08,Presbyterian @ Longwood,2023,136.31054919426717,129.5,141.49279138440158,6.810549194267168,112.0,L,-1.0
2023-02-09,UAB @ North Texas,2023,137.53407603389036,127.5,141.49279138440158,10.034076033890358,161.0,W,0.9090909090909092
2023-02-11,Army @ Navy,2023,145.05706342110653,138.5,141.49279138440158,6.557063421106534,123.0,L,-1.0
2023-02-11,St. Francis (BKN) @ Stonehill,2023,133.38455153112938,126.5,141.49279138440158,6.884551531129375,113.0,L,-1.0
2023-02-12,Marist @ Siena,2023,134.2557000920558,129.0,141.49279138440158,5.255700092055804,138.0,W,0.9090909090909092
2023-02-15,High Point @ Presbyterian,2023,147.59964885138535,141.0,141.49279138440158,6.5996488513853535,140.0,L,-1.0
2023-02-16,Oregon State @ Washington State,2023,129.06820385629476,123.5,141.49279138440158,5.568203856294758,142.0,W,0.9090909090909092
2023-02-16,Tennessee State @ Morehead State,2023,142.19062708063956,135.5,141.49279138440158,6.690627080639558,138.0,W,0.9090909090909092
2023-02-18,Presbyterian @ Campbell,2023,132.8838536490023,126.5,141.49279138440158,6.383853649002305,131.0,W,0.9090909090909092
2023-02-18,Radford @ Longwood,2023,136.16677490419528,129.5,141.49279138440158,6.666774904195279,136.0,W,0.9090909090909092
2023-02-20,Florida A&M @ Alabama A&M,2023,134.08102483167792,128.5,141.49279138440158,5.581024831677922,148.0,W,0.9090909090909092
2023-02-21,Georgia Tech @ Pittsburgh,2023,143.9048814526457,137.0,141.49279138440158,6.9048814526456965,144.0,W,0.9090909090909092
2023-02-23,Stonehill @ Wagner,2023,130.08648780807692,124.5,141.49279138440158,5.5864878080769245,98.0,L,-1.0
2023-02-24,Siena @ Rider,2023,143.734940216103,134.25,141.49279138440158,9.484940216103013,135.0,W,0.9090909090909092
2023-02-25,Maine @ Binghamton,2023,142.10245504905018,136.5,141.49279138440158,5.602455049050178,138.0,W,0.9090909090909092
2023-02-26,Siena @ Iona,2023,146.35106455886233,139.5,141.49279138440158,6.851064558862333,153.0,W,0.9090909090909092
2023-03-05,Texas State @ Louisiana,2023,143.57714336088867,138.5,141.49279138440158,5.07714336088867,122.0,L,-1.0
2023-03-06,South Alabama @ Louisiana,2023,144.04735319951314,138.5,141.49279138440158,5.5473531995131395,137.0,L,-1.0
2023-03-10,Cal State Fullerton @ UC Irvine,2023,134.8727912006416,129.5,141.49279138440158,5.372791200641586,163.0,W,0.9090909090909092
2023-03-10,Penn State @ Northwestern,2023,135.9088347943494,130.0,141.49279138440158,5.908834794349389,132.0,W,0.8547008547008548
2023-03-11,Penn State @ Indiana,2023,145.59275079956217,139.5,141.49279138440158,6.092750799562168,150.0,W,0.9090909090909092
2023-03-12,Memphis @ Houston,2023,143.27930598880292,135.0,141.49279138440158,8.279305988802918,140.0,W,0.9090909090909092
2023-03-16,Penn State @ Texas A&M,2023,141.16809351703623,136.0,141.49279138440158,5.168093517036226,135.0,L,-1.0
2023-03-17,Pittsburgh @ Iowa State,2023,137.4250377393933,131.5,141.49279138440158,5.925037739393304,100.0,L,-1.0
2023-11-06,Coppin State @ Virginia Tech,2024,153.13862508446755,139.25,145.3018276762402,13.888625084467549,155.0,W,0.9090909090909092
2023-11-06,Navy @ Campbell,2024,131.2347707141846,125.0,145.3018276762402,6.234770714184606,107.0,L,-1.0
2023-11-06,Niagara @ Notre Dame,2024,132.22957732846874,125.5,145.3018276762402,6.729577328468736,133.0,W,0.9090909090909092
2023-11-06,Portland State @ Air Force,2024,142.4533632272139,133.5,145.3018276762402,8.953363227213913,117.0,L,-1.0
2023-11-11,New Mexico State @ UC Irvine,2024,145.15458337834133,135.5,145.3018276762402,9.654583378341329,165.0,W,0.9090909090909092
2023-11-12,Army @ Indiana,2024,144.5522955524835,135.5,145.3018276762402,9.052295552483514,136.0,W,0.9090909090909092
2023-11-14,Jacksonville State @ West Virginia,2024,141.2156125369841,135.5,145.3018276762402,5.715612536984111,127.0,L,-1.0
2023-11-14,Southern Utah @ Utah State,2024,154.5336618382725,143.5,145.3018276762402,11.033661838272508,177.0,W,0.9523809523809523
2023-11-14,St. Francis (PA) @ Penn State,2024,145.5057896437998,139.5,145.3018276762402,6.005789643799801,136.0,L,-1.0
2023-11-17,Coppin State @ Miami (OH),2024,149.69666970506307,137.75,145.3018276762402,11.946669705063073,124.0,L,-1.0
2023-11-17,Towson @ Wake Forest,2024,145.99066859236825,136.25,145.3018276762402,9.740668592368252,132.0,L,-1.0
2023-11-19,DePaul @ San Francisco,2024,149.59874361248566,143.25,145.3018276762402,6.348743612485663,124.0,L,-1.0
2023-11-19,Portland State @ St. Thomas,2024,151.12298063741275,135.5,145.3018276762402,15.622980637412752,146.0,W,0.9090909090909092
2023-11-19,Utah Valley @ Southern Miss,2024,142.4796371981456,134.5,145.3018276762402,7.9796371981456105,132.0,L,-1.0
2023-11-20,Navy @ San Diego,2024,144.79371515926078,137.5,145.3018276762402,7.293715159260785,126.0,L,-1.0
2023-11-21,Idaho State @ Campbell,2024,131.81683508856202,124.25,145.3018276762402,7.566835088562016,124.0,L,-1.0
2023-11-21,UC Riverside @ Green Bay,2024,131.72606830281165,123.5,145.3018276762402,8.226068302811655,142.0,W,0.9090909090909092
2023-11-22,Southern Utah @ Texas State,2024,143.34878993786046,135.5,145.3018276762402,7.8487899378604595,141.0,W,0.9090909090909092
2023-11-22,The Citadel @ Campbell,2024,136.88912010471674,128.5,145.3018276762402,8.389120104716739,123.0,L,-1.0
2023-11-22,Villanova @ Texas Tech,2024,134.43625846016892,128.5,145.3018276762402,5.936258460168915,154.0,W,0.9090909090909092
2023-11-22,Virginia @ West Virginia,2024,131.14077474676378,120.5,145.3018276762402,10.640774746763782,110.0,L,-1.0
2023-11-25,Army @ Binghamton,2024,138.29443316809528,131.5,145.3018276762402,6.794433168095281,143.0,W,0.9090909090909092
2023-11-25,Southern Miss @ Milwaukee,2024,150.53410999282528,144.75,145.3018276762402,5.784109992825279,174.0,W,0.8695652173913042
2023-11-26,Canisius @ Bowling Green,2024,150.43037461592954,143.5,145.3018276762402,6.930374615929537,150.0,W,0.9090909090909092
2023-11-26,Coppin State @ La Salle,2024,150.54604274526855,132.5,145.3018276762402,18.04604274526855,143.0,W,0.9090909090909092
2023-11-26,Minnesota @ San Francisco,2024,140.46466308670315,135.25,145.3018276762402,5.214663086703155,134.0,L,-1.0
2023-11-28,Idaho State @ Pepperdine,2024,143.8607660751873,138.5,145.3018276762402,5.360766075187314,139.0,W,0.8695652173913042
2023-11-30,UC Riverside @ UCLA,2024,134.8010414200774,128.5,145.3018276762402,6.301041420077411,131.0,W,0.8695652173913042
2023-12-01,Southern Miss @ UAB,2024,146.17222218522525,140.5,145.3018276762402,5.672222185225252,167.0,W,0.8695652173913042
2023-12-02,UC Irvine @ Utah State,2024,146.08057563460216,137.5,145.3018276762402,8.580575634602155,148.0,W,0.9090909090909092
2023-12-03,Air Force @ Portland,2024,141.48849716189036,135.5,145.3018276762402,5.988497161890365,138.0,W,0.9090909090909092
2023-12-03,Coppin State @ Navy,2024,141.6751290829319,126.5,145.3018276762402,15.175129082931903,127.0,W,0.9523809523809523
2023-12-03,North Dakota @ UC Riverside,2024,144.80859116168395,136.75,145.3018276762402,8.05859116168395,130.0,L,-1.0
2023-12-03,San Francisco @ Arizona State,2024,141.7073264722892,136.5,145.3018276762402,5.207326472289196,133.0,L,-1.0
2023-12-05,Pacific @ Idaho,2024,150.25832647944688,140.25,145.3018276762402,10.008326479446879,136.0,L,-1.0
2023-12-06,Ball State @ Detroit Mercy,2024,151.8237350858979,133.75,145.3018276762402,18.07373508589791,133.0,L,-1.0
2023-12-06,Milwaukee @ St. Thomas,2024,151.40684935575194,142.5,145.3018276762402,8.906849355751945,146.0,W,0.9090909090909092
2023-12-06,San Diego @ Utah State,2024,156.2475879876706,143.5,145.3018276762402,12.747587987670613,189.0,W,0.9090909090909092
2023-12-09,Colgate @ Vermont,2024,143.74872527488972,136.25,145.3018276762402,7.498725274889722,148.0,W,0.9090909090909092
2023-12-10,Brown @ Providence,2024,143.05755611906957,138.0,145.3018276762402,5.057556119069574,128.0,L,-1.0
2023-12-10,Detroit Mercy @ Northwestern,2024,139.28237808718566,132.5,145.3018276762402,6.782378087185663,150.0,W,0.9090909090909092
2023-12-10,St. Francis (PA) @ Iona,2024,149.8546179588596,139.25,145.3018276762402,10.604617958859592,115.0,L,-1.0
2023-12-12,Coppin State @ Georgetown,2024,152.9795327636267,139.5,145.3018276762402,13.479532763626707,125.0,L,-1.0
2023-12-13,Seattle @ San Francisco,2024,141.29716756600197,135.5,145.3018276762402,5.797167566001974,121.0,L,-1.0
2023-12-13,Tennessee State @ Liberty,2024,144.95509513770406,138.5,145.3018276762402,6.455095137704063,126.0,L,-1.0
2023-12-16,Georgetown @ Notre Dame,2024,145.07769588139382,136.25,145.3018276762402,8.827695881393822,140.0,W,0.9523809523809523
2023-12-16,North Dakota @ Utah Tech,2024,148.41485474547426,141.5,145.3018276762402,6.914854745474258,141.0,L,-1.0
2023-12-16,San Francisco @ Utah State,2024,148.34164665493802,137.5,145.3018276762402,10.841646654938017,107.0,L,-1.0
2023-12-16,Towson @ Bryant,2024,146.44046473746957,133.5,145.3018276762402,12.940464737469568,194.0,W,0.9090909090909092
2023-12-18,Detroit Mercy @ Loyola Marymount,2024,148.53083966920656,143.5,145.3018276762402,5.030839669206557,132.0,L,-1.0
2023-12-18,Oakland @ Michigan State,2024,143.43728424700674,137.75,145.3018276762402,5.687284247006744,141.0,W,0.8695652173913042
2023-12-19,The Citadel @ Notre Dame,2024,139.9673158766928,129.5,145.3018276762402,10.467315876692794,110.0,L,-1.0
2023-12-21,Army @ UTSA,2024,148.60651884588327,141.5,145.3018276762402,7.106518845883272,116.0,L,-1.0
2023-12-21,Colgate @ Iona,2024,150.96900392201613,139.5,145.3018276762402,11.469003922016128,150.0,W,0.9090909090909092
2023-12-21,Idaho @ UC Riverside,2024,140.86519308777372,133.5,145.3018276762402,7.365193087773719,149.0,W,0.9090909090909092
2023-12-21,Jacksonville State @ Little Rock,2024,148.55403901065995,143.5,145.3018276762402,5.054039010659949,150.0,W,0.9090909090909092
2023-12-22,Marist @ Notre Dame,2024,134.79861490197686,125.25,145.3018276762402,9.548614901976862,116.0,L,-1.0
2023-12-28,Coppin State @ Maryland,2024,141.73199836545905,130.25,145.3018276762402,11.481998365459049,128.0,L,-1.0
2023-12-29,St. Thomas @ North Dakota,2024,145.34020142149905,137.5,145.3018276762402,7.840201421499046,115.0,L,-1.0
2023-12-30,Chicago State @ DePaul,2024,145.71649491221388,137.5,145.3018276762402,8.216494912213875,128.0,L,-1.0
2023-12-30,Dartmouth @ Vanderbilt,2024,144.97026014314713,134.5,145.3018276762402,10.47026014314713,122.0,L,-1.0
2023-12-30,Penn @ Houston,2024,138.04515017787486,132.5,145.3018276762402,5.545150177874859,123.0,L,-1.0
2023-12-30,Virginia Tech @ Wake Forest,2024,151.93458059272768,144.5,145.3018276762402,7.434580592727684,149.0,W,0.9090909090909092
2024-01-02,Chicago State @ Kansas State,2024,145.4662504422704,136.5,145.3018276762402,8.966250442270393,117.0,L,-1.0
2024-01-02,DePaul @ UConn,2024,146.85982960838672,138.25,145.3018276762402,8.609829608386718,141.0,W,0.9090909090909092
2024-01-03,Holy Cross @ Bucknell,2024,140.15388278822627,131.5,145.3018276762402,8.65388278822627,128.0,L,-1.0
2024-01-04,St. Francis (PA) @ Sacred Heart,2024,148.53396964962326,142.5,145.3018276762402,6.033969649623259,146.0,W,0.9090909090909092
2024-01-04,UC Davis @ UC Riverside,2024,143.52087896281165,138.5,145.3018276762402,5.020878962811651,146.0,W,0.9090909090909092
2024-01-05,Bowling Green @ Akron,2024,147.714977844149,142.5,145.3018276762402,5.21497784414899,150.0,W,0.9090909090909092
2024-01-06,Coppin State @ Delaware State,2024,145.66060314483002,130.5,145.3018276762402,15.16060314483002,108.0,L,-1.0
2024-01-06,Dartmouth @ Penn,2024,145.23476062404643,134.5,145.3018276762402,10.73476062404643,131.0,L,-1.0
2024-01-06,DePaul @ Georgetown,2024,150.63073279936467,142.25,145.3018276762402,8.380732799364665,133.0,L,-1.0
2024-01-06,Holy Cross @ Army,2024,144.04166617366133,125.5,145.3018276762402,18.541666173661326,127.0,W,0.9090909090909092
2024-01-09,Notre Dame @ Georgia Tech,2024,139.19200917288873,134.0,145.3018276762402,5.192009172888731,143.0,W,0.9090909090909092
2024-01-13,Kansas State @ Texas Tech,2024,145.3011600574686,138.5,145.3018276762402,6.801160057468593,119.0,L,-1.0
2024-01-13,Pacific @ Loyola Marymount,2024,150.95036795500417,144.5,145.3018276762402,6.450367955004168,145.0,W,0.9090909090909092
2024-01-13,Portland @ San Francisco,2024,152.60844055227724,143.5,145.3018276762402,9.108440552277244,165.0,W,0.9090909090909092
2024-01-13,Radford @ Winthrop,2024,142.52767579709675,135.5,145.3018276762402,7.027675797096748,180.0,W,0.9523809523809523
2024-01-13,Towson @ Northeastern,2024,135.77025467908675,128.25,145.3018276762402,7.520254679086747,126.0,L,-1.0
2024-01-13,Xavier @ Providence,2024,152.1090536346802,142.5,145.3018276762402,9.609053634680208,150.0,W,0.9090909090909092
2024-01-15,Chicago State @ Stetson,2024,143.090455365373,137.5,145.3018276762402,5.590455365373003,147.0,W,0.8695652173913042
2024-01-15,Dartmouth @ Princeton,2024,140.24327996565205,134.5,145.3018276762402,5.74327996565205,134.0,L,-1.0
2024-01-16,Baylor @ Kansas State,2024,151.37819611985054,140.5,145.3018276762402,10.878196119850543,132.0,L,-1.0
2024-01-17,Virginia Tech @ Virginia,2024,130.68691645987144,125.5,145.3018276762402,5.186916459871441,122.0,L,-1.0
2024-01-20,Army @ Navy,2024,136.03728754816422,127.25,145.3018276762402,8.787287548164215,110.0,L,-1.0
2024-01-20,Campbell @ Towson,2024,135.95712588509068,125.5,145.3018276762402,10.457125885090676,120.0,L,-1.0
2024-01-20,Oklahoma State @ Kansas State,2024,138.6301751877483,133.5,145.3018276762402,5.130175187748307,136.0,W,0.9090909090909092
2024-01-20,Utah Tech @ Utah Valley,2024,145.9432209140286,140.0,145.3018276762402,5.943220914028586,155.0,W,0.9090909090909092
2024-01-25,North Dakota State @ St. Thomas,2024,142.34908688883039,136.5,145.3018276762402,5.849086888830385,145.0,W,0.9090909090909092
2024-01-27,Bucknell @ Army,2024,140.71737270983633,126.5,145.3018276762402,14.217372709836326,122.0,L,-1.0
2024-01-27,Coppin State @ Norfolk State,2024,146.83006626830024,126.5,145.3018276762402,20.330066268300243,126.0,L,-1.0
2024-01-27,Kansas State @ Houston,2024,140.11125417323342,129.5,145.3018276762402,10.61125417323342,126.0,L,-1.0
2024-01-27,Missouri @ South Carolina,2024,142.18009438523416,133.75,145.3018276762402,8.430094385234156,136.0,W,0.9090909090909092
2024-01-27,North Dakota @ St. Thomas,2024,145.50003207850077,140.5,145.3018276762402,5.000032078500766,138.0,L,-1.0
2024-01-27,Towson @ Delaware,2024,138.90419553622434,133.5,145.3018276762402,5.404195536224336,123.0,L,-1.0
2024-01-30,Illinois State @ Murray State,2024,140.58734613471466,134.5,145.3018276762402,6.0873461347146645,120.0,L,-1.0
2024-01-31,Army @ Colgate,2024,149.32405367071397,128.5,145.3018276762402,20.824053670713965,129.0,W,0.9090909090909092
2024-01-31,Chicago State @ Duquesne,2024,142.75851785966427,134.75,145.3018276762402,8.008517859664266,125.0,L,-1.0
2024-01-31,Notre Dame @ Virginia,2024,126.62339070983111,113.5,145.3018276762402,13.123390709831114,118.0,W,0.9090909090909092
2024-01-31,Providence @ UConn,2024,143.348721337511,136.5,145.3018276762402,6.8487213375109945,139.0,W,0.8695652173913042
2024-01-31,Wake Forest @ Pittsburgh,2024,152.60701119553363,144.75,145.3018276762402,7.85701119553363,149.0,W,0.9090909090909092
2024-02-01,Northeastern @ Towson,2024,135.79733327871332,128.0,145.3018276762402,7.7973332787133245,159.0,W,0.9090909090909092
2024-02-03,Navy @ Colgate,2024,140.3255608861473,134.5,145.3018276762402,5.8255608861472865,152.0,W,0.9090909090909092
2024-02-03,Notre Dame @ Pittsburgh,2024,145.53983732940264,126.5,145.3018276762402,19.039837329402644,130.0,W,0.9090909090909092
2024-02-03,Pacific @ San Francisco,2024,153.27420322082952,140.5,145.3018276762402,12.77420322082952,152.0,W,0.9090909090909092
2024-02-03,Towson @ Hofstra,2024,140.39741021349823,132.5,145.3018276762402,7.897410213498233,115.0,L,-1.0
2024-02-07,Army @ Lehigh,2024,143.2115798026278,130.0,145.3018276762402,13.211579802627796,125.0,L,-1.0
2024-02-08,Delaware @ Towson,2024,138.90609838851975,133.75,145.3018276762402,5.1560983885197516,136.0,W,0.9090909090909092
2024-02-10,Navy @ Army,2024,135.99833835348426,124.5,145.3018276762402,11.498338353484257,136.0,W,0.9090909090909092
2024-02-10,Portland State @ Idaho State,2024,144.0728542335503,137.5,145.3018276762402,6.572854233550288,133.0,L,-1.0
2024-02-10,The Citadel @ Wofford,2024,142.97013208265304,137.5,145.3018276762402,5.470132082653038,141.0,W,0.9090909090909092
2024-02-10,Vanderbilt @ South Carolina,2024,137.96868292362086,129.0,145.3018276762402,8.968682923620861,135.0,W,0.9090909090909092
2024-02-13,Pittsburgh @ Virginia,2024,131.24615934201046,122.5,145.3018276762402,8.746159342010458,137.0,W,0.9523809523809523
2024-02-14,Georgia Tech @ Notre Dame,2024,139.28838189926194,133.0,145.3018276762402,6.288381899261935,113.0,L,-1.0
2024-02-14,Holy Cross @ Colgate,2024,149.06477096090953,140.5,145.3018276762402,8.564770960909527,140.0,L,-1.0
2024-02-16,Dartmouth @ Columbia,2024,143.08286665881013,134.25,145.3018276762402,8.832866658810133,136.0,W,0.9090909090909092
2024-02-17,Bucknell @ Colgate,2024,145.04300391386286,138.0,145.3018276762402,7.0430039138628615,112.0,L,-1.0
2024-02-17,Dartmouth @ Cornell,2024,155.2278468215307,143.5,145.3018276762402,11.727846821530704,169.0,W,0.9523809523809523
2024-02-17,DePaul @ Providence,2024,148.78382768408528,142.75,145.3018276762402,6.033827684085281,151.0,W,0.9090909090909092
2024-02-17,Texas State @ Southern Miss,2024,134.41528033603208,128.5,145.3018276762402,5.915280336032083,152.0,W,0.9090909090909092
2024-02-19,Kansas State @ Texas,2024,146.94671481322018,138.5,145.3018276762402,8.446714813220183,118.0,L,-1.0
2024-02-24,Notre Dame @ Syracuse,2024,144.96709748802445,134.5,145.3018276762402,10.46709748802445,173.0,W,0.8695652173913042
2024-02-24,Stephen F. Austin @ Utah Valley,2024,143.97187267190213,136.5,145.3018276762402,7.471872671902133,133.0,L,-1.0
2024-02-24,Virginia Tech @ Pittsburgh,2024,149.66910746747726,142.75,145.3018276762402,6.919107467477261,143.0,W,0.8695652173913042
2024-02-25,American @ Colgate,2024,137.4178688362995,132.0,145.3018276762402,5.417868836299505,130.0,L,-1.0
2024-02-25,Army @ Bucknell,2024,140.7813026749174,123.5,145.3018276762402,17.281302674917413,95.0,L,-1.0
2024-02-26,Coppin State @ Howard,2024,152.8855543839639,140.5,145.3018276762402,12.385554383963893,147.0,W,0.9090909090909092
2024-02-26,West Virginia @ Kansas State,2024,150.71074665471843,141.5,145.3018276762402,9.210746654718434,184.0,W,0.9090909090909092
2024-02-27,Miami (OH) @ Bowling Green,2024,150.20396393791194,144.5,145.3018276762402,5.7039639379119365,124.0,L,-1.0
2024-02-28,Temple @ Rice,2024,146.50716028938336,140.5,145.3018276762402,6.007160289383364,108.0,L,-1.0
2024-02-29,New Mexico State @ Liberty,2024,142.09260753367337,134.5,145.3018276762402,7.592607533673373,141.0,W,0.9090909090909092
2024-03-02,Dartmouth @ Brown,2024,140.9118975862219,134.5,145.3018276762402,6.411897586221897,156.0,W,0.9090909090909092
2024-03-02,Detroit Mercy @ Oakland,2024,153.10651161823637,144.5,145.3018276762402,8.606511618236368,145.0,W,0.9090909090909092
2024-03-02,Kansas State @ Cincinnati,2024,148.21096806513975,136.5,145.3018276762402,11.710968065139753,146.0,W,0.9090909090909092
2024-03-02,New Mexico State @ Jacksonville State,2024,140.20730490140215,131.5,145.3018276762402,8.707304901402154,130.0,L,-1.0
2024-03-04,Idaho @ Portland State,2024,150.4853881277165,140.25,145.3018276762402,10.235388127716504,129.0,L,-1.0
2024-03-05,Holy Cross @ Army,2024,144.04166617366133,129.75,145.3018276762402,14.291666173661326,152.0,W,0.9090909090909092
2024-03-05,Kansas State @ Kansas,2024,147.95465929573606,142.5,145.3018276762402,5.4546592957360645,158.0,W,0.9090909090909092
2024-03-07,Coppin State @ Morgan State,2024,151.2985455770039,142.25,145.3018276762402,9.048545577003893,138.0,L,-1.0
2024-03-07,Holy Cross @ Colgate,2024,149.06477096090953,142.0,145.3018276762402,7.064770960909527,145.0,W,0.9090909090909092
2024-03-08,Ball State @ Bowling Green,2024,153.6536807139998,142.25,145.3018276762402,11.40368071399979,150.0,W,0.9090909090909092
2024-03-09,Hampton @ Delaware,2024,145.91479433553744,140.5,145.3018276762402,5.414794335537437,130.0,L,-1.0
2024-03-09,Notre Dame @ Virginia Tech,2024,144.67595900956698,136.0,145.3018276762402,8.67595900956698,158.0,W,0.9090909090909092
2024-03-09,Siena @ Iona,2024,141.76862658270767,134.0,145.3018276762402,7.768626582707668,122.0,L,-1.0
2024-03-09,William & Mary @ Towson,2024,136.6708357304293,129.5,145.3018276762402,7.170835730429303,123.0,L,-1.0
2024-03-10,Bucknell @ Colgate,2024,145.04300391386286,132.5,145.3018276762402,12.543003913862862,133.0,W,0.9090909090909092
2024-03-10,North Dakota State @ St. Thomas,2024,142.34908688883039,132.5,145.3018276762402,9.849086888830385,126.0,L,-1.0
2024-03-10,Portland @ San Francisco,2024,152.60844055227724,142.5,145.3018276762402,10.108440552277244,123.0,L,-1.0
2024-03-12,Georgia Tech @ Notre Dame,2024,139.28838189926194,131.5,145.3018276762402,7.788381899261935,164.0,W,0.9090909090909092
2024-03-13,Coppin State @ Norfolk State,2024,146.83006626830024,129.25,145.3018276762402,17.580066268300243,126.0,L,-1.0
2024-03-13,Georgetown @ Providence,2024,147.51044088853527,140.5,145.3018276762402,7.010440888535271,130.0,L,-1.0
2024-03-13,Lehigh @ Colgate,2024,147.4167908772048,136.0,145.3018276762402,11.41679087720479,129.0,L,-1.0
2024-03-13,Notre Dame @ Wake Forest,2024,147.70646202517852,136.5,145.3018276762402,11.206462025178524,131.0,L,-1.0
2024-03-13,Rice @ Wichita State,2024,145.058074832278,139.5,145.3018276762402,5.55807483227801,169.0,W,0.9090909090909092
2024-03-14,Cincinnati @ Baylor,2024,148.2313105542745,138.5,145.3018276762402,9.7313105542745,124.0,L,-1.0
2024-03-15,Ohio @ Akron,2024,146.3030173109388,140.25,145.3018276762402,6.053017310938799,127.0,L,-1.0
2024-03-15,Providence @ Marquette,2024,146.40428508140008,137.75,145.3018276762402,8.654285081400076,147.0,W,0.8695652173913042
2024-03-16,Delaware State @ Howard,2024,142.32015044807167,136.5,145.3018276762402,5.820150448071672,137.0,W,0.9090909090909092
2024-03-16,Kent State @ Akron,2024,137.20703878202397,132.0,145.3018276762402,5.207038782023972,123.0,L,-1.0
2024-03-16,Long Beach State @ UC Davis,2024,152.6975625909125,144.5,145.3018276762402,8.197562590912497,144.0,L,-1.0
2024-03-17,Duquesne @ VCU,2024,138.9812697079612,130.5,145.3018276762402,8.48126970796119,108.0,L,-1.0
2024-03-21,Duquesne @ BYU,2024,146.54738095903943,141.5,145.3018276762402,5.04738095903943,138.0,L,-1.0
2024-03-22,Colgate @ Baylor,2024,152.12635778100992,137.5,145.3018276762402,14.626357781009915,159.0,W,0.9090909090909092
2024-11-04,Coppin State @ Wake Forest,2025,156.09324971295442,143.5,145.56715095676824,12.593249712954417,113.0,L,-1.0
2024-11-06,Coppin State @ High Point,2025,156.21656533057742,143.5,145.56715095676824,12.716565330577424,144.0,W,0.9090909090909092
2024-11-09,Pepperdine @ UC San Diego,2025,149.88934353687284,144.5,145.56715095676824,5.389343536872843,170.0,W,0.9523809523809523
2024-11-11,Coppin State @ Virginia,2025,134.65314670891948,122.5,145.56715095676824,12.15314670891948,107.0,L,-1.0
2024-11-12,Hampton @ Providence,2025,148.6970632615531,138.5,145.56715095676824,10.197063261553097,111.0,L,-1.0
2024-11-13,Long Beach State @ San Francisco,2025,153.18141284625335,144.5,145.56715095676824,8.681412846253352,138.0,L,-1.0
2024-11-15,Army @ Marist,2025,136.55328651134474,131.5,145.56715095676824,5.053286511344737,179.0,W,0.9090909090909092
2024-11-16,Idaho State @ San Diego,2025,145.5660980210375,138.5,145.56715095676824,7.066098021037504,144.0,W,0.9090909090909092
2024-11-16,Northwestern State @ Rice,2025,150.37367483128878,139.5,145.56715095676824,10.873674831288781,152.0,W,0.9090909090909092
2024-11-16,Pepperdine @ UC Irvine,2025,150.767480244913,144.25,145.56715095676824,6.517480244913003,142.0,L,-1.0
2024-11-16,Portland @ Long Beach State,2025,159.026395250517,140.75,145.56715095676824,18.276395250516998,124.0,L,-1.0
2024-11-19,Cleveland State @ Minnesota,2025,135.28384779250618,128.5,145.56715095676824,6.7838477925061795,105.0,L,-1.0
2024-11-19,Hampton @ UMBC,2025,150.68244361623061,145.5,145.56715095676824,5.182443616230614,146.0,W,0.8695652173913042
2024-11-19,Rice @ Louisiana,2025,152.83330794360953,142.5,145.56715095676824,10.333307943609526,144.0,W,0.8695652173913042
2024-11-20,Coppin State @ George Mason,2025,141.57891458401434,134.0,145.56715095676824,7.578914584014342,148.0,W,0.9090909090909092
2024-11-20,Detroit Mercy @ Ball State,2025,151.7012904365225,143.5,145.56715095676824,8.201290436522498,129.0,L,-1.0
2024-11-22,Baylor @ Tennessee,2025,149.07604345533156,142.5,145.56715095676824,6.576043455331558,139.0,L,-1.0
2024-11-22,Monmouth @ Stephen F. Austin,2025,139.1917217430185,134.0,145.56715095676824,5.1917217430184905,139.0,W,0.9090909090909092
2024-11-22,Presbyterian @ Youngstown State,2025,143.6346345340031,135.0,145.56715095676824,8.634634534003112,109.0,L,-1.0
2024-11-23,Fresno State @ Long Beach State,2025,150.10295763012252,140.5,145.56715095676824,9.602957630122518,141.0,W,0.9523809523809523
2024-11-23,Youngstown State @ Stephen F. Austin,2025,137.31161513341138,129.0,145.56715095676824,8.31161513341138,121.0,L,-1.0
2024-11-24,Drake @ Vanderbilt,2025,148.26224562074606,142.5,145.56715095676824,5.762245620746057,151.0,W,0.9523809523809523
2024-11-24,Hampton @ Boise State,2025,147.1909656823536,139.5,145.56715095676824,7.690965682353607,152.0,W,0.9523809523809523
2024-11-24,Missouri State @ High Point,2025,149.89211671547082,141.5,145.56715095676824,8.39211671547082,132.0,L,-1.0
2024-11-25,Hampton @ Duquesne,2025,141.8844681518772,135.75,145.56715095676824,6.134468151877201,123.0,L,-1.0
2024-11-25,Merrimack @ UMass Lowell,2025,143.98292743770412,137.5,145.56715095676824,6.48292743770412,155.0,W,0.9090909090909092
2024-11-25,Missouri State @ Boston College,2025,143.4728788251832,134.0,145.56715095676824,9.472878825183187,150.0,W,0.9090909090909092
2024-11-25,San Jose State @ UTEP,2025,145.22621936925157,136.5,145.56715095676824,8.726219369251567,136.0,L,-1.0
2024-11-26,Cal State Fullerton @ Pepperdine,2025,143.46519597737938,136.5,145.56715095676824,6.965195977379381,135.0,L,-1.0
2024-11-26,Grand Canyon @ Stanford,2025,152.08940518401488,144.5,145.56715095676824,7.589405184014879,149.0,W,0.9090909090909092
2024-11-26,Hampton @ High Point,2025,149.17450730353835,138.5,145.56715095676824,10.674507303538348,149.0,W,0.9090909090909092
2024-11-26,NJIT @ Cleveland State,2025,138.87125507476065,132.25,145.56715095676824,6.621255074760654,109.0,L,-1.0
2024-11-26,Siena @ Jacksonville,2025,138.63288030542031,129.5,145.56715095676824,9.132880305420315,139.0,W,0.9090909090909092
2024-11-26,Wyoming @ Tulane,2025,149.89098840739888,142.0,145.56715095676824,7.890988407398879,127.0,L,-1.0
2024-11-27,Long Beach State @ San Jose State,2025,147.56898459690996,125.5,145.56715095676824,22.068984596909957,148.0,W,0.8695652173913042
2024-11-28,Northern Iowa @ North Texas,2025,135.344686567799,126.0,145.56715095676824,9.344686567798988,116.0,L,-1.0
2024-11-29,Alcorn State @ South Alabama,2025,138.35814458498413,131.5,145.56715095676824,6.858144584984132,139.0,W,0.8695652173913042
2024-11-29,Binghamton @ Niagara,2025,146.84179848019798,135.5,145.56715095676824,11.34179848019798,127.0,L,-1.0
2024-11-29,Minnesota @ Wake Forest,2025,135.2773016735431,127.5,145.56715095676824,7.777301673543093,108.0,L,-1.0
2024-11-29,Morehead State @ Cleveland State,2025,137.2121566748021,128.0,145.56715095676824,9.212156674802088,140.0,W,0.9090909090909092
2024-11-29,Pepperdine @ New Mexico State,2025,143.7310464651626,138.5,145.56715095676824,5.231046465162592,152.0,W,0.9090909090909092
2024-11-30,Air Force @ Wright State,2025,142.41230522148226,136.5,145.56715095676824,5.9123052214822565,127.0,L,-1.0
2024-11-30,Appalachian State @ UNC Wilmington,2025,138.50454343034085,133.5,145.56715095676824,5.004543430340846,137.0,W,0.8695652173913042
2024-11-30,Colgate @ Sam Houston,2025,147.25085945893778,136.75,145.56715095676824,10.500859458937782,160.0,W,0.8695652173913042
2024-11-30,Kennesaw State @ Kent State,2025,157.0965139203538,140.5,145.56715095676824,16.5965139203538,127.0,L,-1.0
2024-11-30,Monmouth @ Seton Hall,2025,135.18060899658022,129.5,145.56715095676824,5.680608996580219,114.0,L,-1.0
2024-11-30,Niagara @ Lafayette,2025,141.45415614263217,135.0,145.56715095676824,6.454156142632172,106.0,L,-1.0
2024-11-30,San Diego State @ Houston,2025,134.27849102929957,126.5,145.56715095676824,7.778491029299573,143.0,W,0.8695652173913042
2024-11-30,Towson @ UC Irvine,2025,134.23688876812474,128.5,145.56715095676824,5.736888768124743,127.0,L,-1.0
2024-12-01,Binghamton @ Lafayette,2025,136.77246332445242,127.0,145.56715095676824,9.772463324452417,163.0,W,0.9090909090909092
2024-12-01,Iona @ Rice,2025,139.94977444641526,133.5,145.56715095676824,6.449774446415262,136.0,W,0.8695652173913042
2024-12-03,Notre Dame @ Georgia,2025,146.4387879270693,140.0,145.56715095676824,6.438787927069313,117.0,L,-1.0
2024-12-03,Syracuse @ Tennessee,2025,153.1015553848156,144.0,145.56715095676824,9.101555384815612,166.0,W,0.9090909090909092
2024-12-03,UTSA @ Saint Mary's,2025,148.323130041049,141.5,145.56715095676824,6.823130041049012,156.0,W,0.9090909090909092
2024-12-03,Utah Valley @ Stanford,2025,146.88993899021713,141.0,145.56715095676824,5.889938990217132,140.0,L,-1.0
2024-12-03,Washington @ UCLA,2025,142.02973370976014,137.0,145.56715095676824,5.029733709760137,127.0,L,-1.0
2024-12-04,NJIT @ Seton Hall,2025,128.40872768178951,121.5,145.56715095676824,6.9087276817895145,123.0,W,0.9523809523809523
2024-12-04,Rider @ Fairfield,2025,140.9849421069904,133.5,145.56715095676824,7.484942106990388,153.0,W,0.8695652173913042
2024-12-04,Virginia @ Florida,2025,139.61998017765325,133.0,145.56715095676824,6.619980177653247,156.0,W,0.9090909090909092
2024-12-05,Cleveland State @ Milwaukee,2025,150.03280593567942,141.0,145.56715095676824,9.03280593567942,146.0,W,0.9090909090909092
2024-12-05,East Texas A&M @ Houston Christian,2025,142.4761628328429,135.5,145.56715095676824,6.976162832842903,162.0,W,0.8695652173913042
2024-12-05,Long Beach State @ Cal State Fullerton,2025,145.88770481120486,127.0,145.56715095676824,18.887704811204856,129.0,W,0.925925925925926
2024-12-05,Wright State @ Oakland,2025,146.76873352187363,139.0,145.56715095676824,7.768733521873628,130.0,L,-1.0
2024-12-06,Siena @ Niagara,2025,144.46472457344504,127.5,145.56715095676824,16.96472457344504,137.0,W,0.9090909090909092
2024-12-07,Boston College @ Wake Forest,2025,142.9078210316589,134.5,145.56715095676824,8.407821031658898,138.0,W,0.9090909090909092
2024-12-07,Butler @ Houston,2025,140.94641981760353,134.5,145.56715095676824,6.446419817603527,130.0,L,-1.0
2024-12-07,Kansas City @ Montana State,2025,144.7997040431342,139.75,145.56715095676824,5.049704043134199,136.0,L,-1.0
2024-12-07,Oakland @ Youngstown State,2025,138.25969077927823,131.5,145.56715095676824,6.75969077927823,116.0,L,-1.0
2024-12-07,Saint Mary's @ Utah,2025,148.40878568269312,141.5,145.56715095676824,6.9087856826931215,135.0,L,-1.0
2024-12-07,Seattle @ UTEP,2025,146.2544604164437,134.0,145.56715095676824,12.254460416443692,160.0,W,0.925925925925926
2024-12-07,Tulane @ George Mason,2025,145.8941584508744,138.0,145.56715095676824,7.894158450874386,140.0,W,0.9090909090909092
2024-12-07,USC @ Washington,2025,149.63814235941345,141.5,145.56715095676824,8.13814235941345,146.0,W,0.8695652173913042
2024-12-07,Wofford @ Elon,2025,145.66618179922335,139.5,145.56715095676824,6.166181799223352,135.0,L,-1.0
2024-12-08,Bucknell @ Radford,2025,139.59129380937034,133.5,145.56715095676824,6.091293809370342,144.0,W,0.8695652173913042
2024-12-08,Colgate @ Northeastern,2025,140.472925237675,134.5,145.56715095676824,5.972925237675014,153.0,W,0.9523809523809523
2024-12-09,Hofstra @ Norfolk State,2025,138.3575679303351,133.0,145.56715095676824,5.357567930335108,147.0,W,0.9090909090909092
2024-12-15,Montana State @ USC,2025,150.11030810093166,143.0,145.56715095676824,7.110308100931661,152.0,W,0.9090909090909092
2024-12-16,South Alabama @ TCU,2025,142.50720428502188,136.5,145.56715095676824,6.007204285021885,107.0,L,-1.0
2024-12-17,Drake @ Kansas State,2025,145.32768865577242,133.5,145.56715095676824,11.82768865577242,143.0,W,0.9523809523809523
2024-12-17,Seton Hall @ Villanova,2025,132.00824369923174,126.25,145.56715095676824,5.758243699231741,146.0,W,0.9523809523809523
2024-12-18,Austin Peay @ Ohio,2025,146.6838612724153,141.5,145.56715095676824,5.1838612724152995,136.0,L,-1.0
2024-12-18,Canisius @ Loyola Chicago,2025,148.221423684098,140.0,145.56715095676824,8.221423684098,132.0,L,-1.0
2024-12-18,Mercyhurst @ Binghamton,2025,139.07896133889653,132.5,145.56715095676824,6.578961338896534,122.0,L,-1.0
2024-12-18,Toledo @ Houston,2025,150.09795512567302,140.5,145.56715095676824,9.597955125673025,127.0,L,-1.0
2024-12-18,Youngstown State @ Wright State,2025,151.3762721805112,143.5,145.56715095676824,7.876272180511194,150.0,W,0.9090909090909092
2024-12-19,Long Beach State @ Pepperdine,2025,152.80383186585448,138.5,145.56715095676824,14.303831865854477,155.0,W,0.9090909090909092
2024-12-19,Merrimack @ Saint Mary's,2025,134.62265671073902,128.5,145.56715095676824,6.122656710739022,141.0,W,0.9090909090909092
2024-12-20,Appalachian State @ North Texas,2025,131.4017317406415,123.5,145.56715095676824,7.901731740641509,132.0,W,0.9090909090909092
2024-12-20,Holy Cross @ Siena,2025,139.82244276173242,131.5,145.56715095676824,8.322442761732418,148.0,W,0.9090909090909092
2024-12-20,Jackson State @ UTEP,2025,149.41142703812378,139.5,145.56715095676824,9.911427038123776,128.0,L,-1.0
2024-12-20,Rider @ Penn,2025,142.19818109526665,136.5,145.56715095676824,5.698181095266648,145.0,W,0.9090909090909092
2024-12-21,Green Bay @ Drake,2025,146.79049860870956,137.5,145.56715095676824,9.290498608709555,134.0,L,-1.0
2024-12-21,Lamar @ Texas Tech,2025,151.52713520186873,140.5,145.56715095676824,11.027135201868731,158.0,W,0.9090909090909092
2024-12-21,Niagara @ St. Bonaventure,2025,144.24733929279154,129.5,145.56715095676824,14.747339292791537,123.0,L,-1.0
2024-12-21,Wake Forest @ Clemson,2025,139.80661374426865,134.0,145.56715095676824,5.806613744268645,135.0,W,0.9090909090909092
2024-12-21,Yale @ UTEP,2025,147.1062987468188,142.0,145.56715095676824,5.106298746818794,149.0,W,0.9090909090909092
2024-12-22,Houston Christian @ North Texas,2025,138.0721482036916,128.0,145.56715095676824,10.072148203691597,108.0,L,-1.0
2024-12-22,Mercyhurst @ West Virginia,2025,142.55375269058138,136.0,145.56715095676824,6.553752690581376,113.0,L,-1.0
2024-12-22,Montana State @ TCU,2025,147.66702640743404,139.5,145.56715095676824,8.167026407434037,130.0,L,-1.0
2024-12-22,Utah State @ Saint Mary's,2025,151.4929285353689,143.0,145.56715095676824,8.49292853536889,143.0,P,0.0
2024-12-28,Marshall @ Elon,2025,150.80357107140088,144.5,145.56715095676824,6.3035710714008815,132.0,L,-1.0
2024-12-28,Pacific @ Saint Mary's,2025,142.9584567156714,136.5,145.56715095676824,6.458456715671389,130.0,L,-1.0
2024-12-28,Utah State @ San Diego State,2025,149.55773877626004,142.0,145.56715095676824,7.557738776260038,133.0,L,-1.0
2024-12-29,Belmont @ Drake,2025,153.73990289166198,140.5,145.56715095676824,13.239902891661984,111.0,L,-1.0
2024-12-29,Binghamton @ Marist,2025,139.81639291054472,131.5,145.56715095676824,8.316392910544721,120.0,L,-1.0
2024-12-29,Le Moyne @ Niagara,2025,149.0684795548975,142.5,145.56715095676824,6.568479554897493,157.0,W,0.9523809523809523
2024-12-29,Wright State @ Cleveland State,2025,151.65184432574102,144.5,145.56715095676824,7.151844325741024,142.0,L,-1.0
2024-12-31,Norfolk State @ Tennessee,2025,145.63812878767044,140.5,145.56715095676824,5.138128787670439,119.0,L,-1.0
2024-12-31,Seton Hall @ Xavier,2025,141.56045333988743,134.0,145.56715095676824,7.560453339887431,166.0,W,0.9090909090909092
2024-12-31,Utah State @ Nevada,2025,153.6795791397142,145.0,145.56715095676824,8.679579139714207,133.0,L,-1.0
2024-12-31,Virginia Tech @ Duke,2025,144.53054996538313,136.5,145.56715095676824,8.03054996538313,153.0,W,0.9090909090909092
2024-12-31,West Virginia @ Kansas,2025,151.01619944864308,141.5,145.56715095676824,9.516199448643079,123.0,L,-1.0
2025-01-01,Valparaiso @ Missouri State,2025,147.95287457312554,139.5,145.56715095676824,8.452874573125541,145.0,W,0.9523809523809523
2025-01-03,Marist @ Iona,2025,140.26215270374556,132.5,145.56715095676824,7.762152703745556,135.0,W,0.9090909090909092
2025-01-04,Arkansas @ Tennessee,2025,151.48340222108783,143.5,145.56715095676824,7.983402221087829,128.0,L,-1.0
2025-01-04,Austin Peay @ Jacksonville,2025,138.9197415324605,130.5,145.56715095676824,8.419741532460506,112.0,L,-1.0
2025-01-04,BYU @ Houston,2025,146.21083130965891,133.5,145.56715095676824,12.710831309658914,141.0,W,0.8695652173913042
2025-01-04,Duquesne @ Davidson,2025,142.85526115077482,132.5,145.56715095676824,10.355261150774822,148.0,W,0.9090909090909092
2025-01-04,Hampton @ Elon,2025,146.2754777691211,137.5,145.56715095676824,8.775477769121096,132.0,L,-1.0
2025-01-04,Hofstra @ Northeastern,2025,140.12194517750189,131.5,145.56715095676824,8.621945177501885,92.0,L,-1.0
2025-01-04,Houston Christian @ Lamar,2025,149.28159470403702,136.5,145.56715095676824,12.781594704037019,124.0,L,-1.0
2025-01-04,Incarnate Word @ Stephen F. Austin,2025,141.971371868356,131.5,145.56715095676824,10.471371868355988,104.0,L,-1.0
2025-01-04,Kansas State @ TCU,2025,145.5368740499394,140.0,145.56715095676824,5.536874049939399,125.0,L,-1.0
2025-01-04,Little Rock @ Tennessee State,2025,145.27080108501008,139.5,145.56715095676824,5.770801085010078,181.0,W,0.9090909090909092
2025-01-04,Missouri State @ Bradley,2025,145.40743119722455,134.5,145.56715095676824,10.907431197224554,129.0,L,-1.0
2025-01-04,Oklahoma State @ West Virginia,2025,150.72959096316973,140.5,145.56715095676824,10.229590963169727,119.0,L,-1.0
2025-01-04,Oral Roberts @ Kansas City,2025,146.41342078901428,140.0,145.56715095676824,6.413420789014282,157.0,W,0.9090909090909092
2025-01-04,San Diego State @ Boise State,2025,143.28273432854388,136.5,145.56715095676824,6.7827343285438815,144.0,W,0.9090909090909092
2025-01-04,UCLA @ Nebraska,2025,140.62410325603992,134.5,145.56715095676824,6.124103256039916,124.0,L,-1.0
2025-01-05,Murray State @ Drake,2025,143.62744542556547,124.5,145.56715095676824,19.12744542556547,125.0,W,0.9090909090909092
2025-01-05,North Texas @ Memphis,2025,146.11817413208925,136.5,145.56715095676824,9.618174132089251,132.0,L,-1.0
2025-01-05,Quinnipiac @ Marist,2025,144.2885221297342,137.5,145.56715095676824,6.78852212973419,131.0,L,-1.0
2025-01-06,Houston Christian @ Stephen F. Austin,2025,140.04201661635028,129.5,145.56715095676824,10.542016616350281,156.0,W,0.9090909090909092
2025-01-06,Incarnate Word @ Lamar,2025,151.62566631671524,136.5,145.56715095676824,15.12566631671524,130.0,L,-1.0
2025-01-06,TCU @ Houston,2025,139.95994515830796,128.5,145.56715095676824,11.45994515830796,111.0,L,-1.0
2025-01-07,Cincinnati @ Baylor,2025,145.6831823124095,139.5,145.56715095676824,6.183182312409514,116.0,L,-1.0
2025-01-07,UIC @ Missouri State,2025,146.34672527040598,138.5,145.56715095676824,7.846725270405983,143.0,W,0.8695652173913042
2025-01-07,UNLV @ Boise State,2025,146.35378814809047,139.5,145.56715095676824,6.853788148090473,140.0,W,0.9523809523809523
2025-01-08,Arizona State @ Kansas,2025,150.78848166336334,144.5,145.56715095676824,6.288481663363342,129.0,L,-1.0
2025-01-08,Drake @ Bradley,2025,145.96528687340103,126.5,145.56715095676824,19.465286873401027,121.0,L,-1.0
2025-01-08,Kansas City @ Omaha,2025,144.3163719673318,137.5,145.56715095676824,6.816371967331804,135.0,L,-1.0
2025-01-08,Rice @ North Texas,2025,132.1148020377004,122.5,145.56715095676824,9.6148020377004,140.0,W,0.9523809523809523
2025-01-08,St. Bonaventure @ Saint Louis,2025,148.3896545890035,142.5,145.56715095676824,5.889654589003499,141.0,L,-1.0
2025-01-09,Binghamton @ Maine,2025,139.10634804596253,133.5,145.56715095676824,5.606348045962534,153.0,W,0.9090909090909092
2025-01-09,Cal State Fullerton @ UC Davis,2025,141.8969937408624,135.5,145.56715095676824,6.396993740862399,116.0,L,-1.0
2025-01-09,Oakland @ Wright State,2025,146.96144740343334,138.5,145.56715095676824,8.46144740343334,128.0,L,-1.0
2025-01-09,Texas State @ Troy,2025,141.70523625634075,136.5,145.56715095676824,5.205236256340754,147.0,W,0.9523809523809523
2025-01-09,Vermont @ UMass Lowell,2025,141.53421227617196,135.5,145.56715095676824,6.0342122761719565,130.0,L,-1.0
2025-01-09,West Georgia @ Austin Peay,2025,141.77167847056444,131.5,145.56715095676824,10.271678470564439,140.0,W,0.9090909090909092
2025-01-11,Bucknell @ American,2025,135.67903069169836,130.5,145.56715095676824,5.179030691698358,126.0,L,-1.0
2025-01-11,Cleveland State @ Youngstown State,2025,142.78612629593454,137.5,145.56715095676824,5.286126295934537,152.0,W,0.9523809523809523
2025-01-11,Evansville @ Drake,2025,144.83220594476234,119.5,145.56715095676824,25.332205944762336,103.0,L,-1.0
2025-01-11,Holy Cross @ Lafayette,2025,136.9208574479726,131.5,145.56715095676824,5.420857447972594,147.0,W,0.9090909090909092
2025-01-11,Kansas @ Cincinnati,2025,149.20939967632586,135.5,145.56715095676824,13.709399676325859,94.0,L,-1.0
2025-01-11,Long Beach State @ UC Davis,2025,151.18687161388507,136.5,145.56715095676824,14.686871613885074,157.0,W,0.9523809523809523
2025-01-11,New Mexico State @ UTEP,2025,143.79263722904614,138.5,145.56715095676824,5.292637229046136,142.0,W,0.9090909090909092
2025-01-11,Notre Dame @ Duke,2025,144.03133675064186,136.0,145.56715095676824,8.031336750641856,164.0,W,0.9090909090909092
2025-01-11,Old Dominion @ South Alabama,2025,143.22455194277592,134.5,145.56715095676824,8.724551942775918,134.0,L,-1.0
2025-01-11,Stephen F. Austin @ Lamar,2025,141.5485398123533,131.5,145.56715095676824,10.048539812353312,135.0,W,0.9090909090909092
2025-01-11,UC Irvine @ UC San Diego,2025,144.85795958382687,139.5,145.56715095676824,5.357959583826869,112.0,L,-1.0
2025-01-11,UNC Wilmington @ Hofstra,2025,139.3621258116748,133.0,145.56715095676824,6.362125811674787,129.0,L,-1.0
2025-01-11,Vermont @ Bryant,2025,144.11148361699344,139.0,145.56715095676824,5.111483616993439,126.0,L,-1.0
2025-01-11,Virginia @ Stanford,2025,131.84970317083167,124.75,145.56715095676824,7.099703170831674,153.0,W,0.8695652173913042
2025-01-11,West Georgia @ Lipscomb,2025,149.15046988113662,142.5,145.56715095676824,6.650469881136615,153.0,W,0.9523809523809523
2025-01-12,Mercyhurst @ Le Moyne,2025,141.44075504759695,136.25,145.56715095676824,5.1907550475969515,142.0,W,0.8695652173913042
2025-01-12,Nebraska @ Purdue,2025,146.4143431164777,140.5,145.56715095676824,5.91434311647771,172.0,W,0.9090909090909092
2025-01-12,Rider @ Niagara,2025,147.88193427005095,135.0,145.56715095676824,12.881934270050948,133.0,L,-1.0
2025-01-12,West Virginia @ Colorado,2025,147.82331844994013,134.5,145.56715095676824,13.323318449940132,148.0,W,0.9090909090909092
2025-01-13,Alabama A&M @ Jackson State,2025,148.68147224336263,143.5,145.56715095676824,5.181472243362634,196.0,W,0.9523809523809523
2025-01-13,Campbell @ Elon,2025,145.1286161552095,138.0,145.56715095676824,7.1286161552094995,149.0,W,0.9090909090909092
2025-01-13,Wofford @ Furman,2025,145.59751920353523,139.5,145.56715095676824,6.097519203535228,143.0,W,0.9090909090909092
2025-01-14,Air Force @ Nevada,2025,133.84045060886956,128.5,145.56715095676824,5.34045060886956,130.0,W,0.9090909090909092
2025-01-14,Evansville @ Northern Iowa,2025,143.88280763059186,132.5,145.56715095676824,11.382807630591856,129.0,L,-1.0
2025-01-14,Georgetown @ St. John's,2025,149.67390182019818,143.5,145.56715095676824,6.173901820198182,121.0,L,-1.0
2025-01-14,Wyoming @ Boise State,2025,146.8006816012848,133.0,145.56715095676824,13.800681601284793,151.0,W,0.9090909090909092
2025-01-15,Georgia @ Tennessee,2025,152.5573694737706,134.5,145.56715095676824,18.057369473770592,130.0,L,-1.0
2025-01-15,Holy Cross @ Bucknell,2025,140.936893546782,134.5,145.56715095676824,6.436893546781988,168.0,W,0.9090909090909092
2025-01-15,Illinois State @ Drake,2025,141.2057176070984,123.5,145.56715095676824,17.705717607098393,128.0,W,0.9523809523809523
2025-01-15,Murray State @ UIC,2025,145.1985053130946,139.5,145.56715095676824,5.698505313094614,190.0,W,0.8695652173913042
2025-01-15,Richmond @ St. Bonaventure,2025,136.30764439556745,128.5,145.56715095676824,7.807644395567451,112.0,L,-1.0
2025-01-15,Southern Miss @ South Alabama,2025,144.93870989904644,139.5,145.56715095676824,5.438709899046444,137.0,L,-1.0
2025-01-15,Stanford @ Wake Forest,2025,146.9317314091843,141.5,145.56715095676824,5.4317314091842945,147.0,W,0.9523809523809523
2025-01-15,Utah @ TCU,2025,151.55489068577842,143.5,145.56715095676824,8.054890685778417,138.0,L,-1.0
2025-01-15,West Virginia @ Houston,2025,140.71901460752875,125.0,145.56715095676824,15.719014607528749,124.0,L,-1.0
2025-01-16,Binghamton @ Vermont,2025,133.67714894329208,126.5,145.56715095676824,7.177148943292082,136.0,W,0.9090909090909092
2025-01-16,Elon @ Drexel,2025,141.27866931909472,133.5,145.56715095676824,7.778669319094718,119.0,L,-1.0
2025-01-16,Hofstra @ Towson,2025,129.65781132530034,124.5,145.56715095676824,5.157811325300344,125.0,W,0.8695652173913042
2025-01-16,Niagara @ Fairfield,2025,144.42897789921517,134.0,145.56715095676824,10.42897789921517,136.0,W,0.9090909090909092
2025-01-16,Utah Tech @ Seattle,2025,146.07412416787452,140.5,145.56715095676824,5.5741241678745155,144.0,W,0.9523809523809523
2025-01-17,DePaul @ Georgetown,2025,146.33175993741628,137.0,145.56715095676824,9.33175993741628,141.0,W,0.9090909090909092
2025-01-18,Arizona State @ Cincinnati,2025,146.32942122663772,136.5,145.56715095676824,9.82942122663772,127.0,L,-1.0
2025-01-18,Austin Peay @ Lipscomb,2025,145.51662991074681,137.0,145.56715095676824,8.516629910746815,148.0,W,0.9090909090909092
2025-01-18,Bradley @ Murray State,2025,143.96413631683185,136.0,145.56715095676824,7.964136316831855,135.0,L,-1.0
2025-01-18,Cal State Fullerton @ Long Beach State,2025,145.77220825522102,138.5,145.56715095676824,7.272208255221017,150.0,W,0.9090909090909092
2025-01-18,Kansas State @ Kansas,2025,149.40761241028804,139.5,145.56715095676824,9.907612410288039,158.0,W,0.9523809523809523
2025-01-18,Lamar @ McNeese,2025,144.01392302373125,136.0,145.56715095676824,8.013923023731252,139.0,W,0.9090909090909092
2025-01-18,Mercyhurst @ Wagner,2025,123.9084160308976,118.5,145.56715095676824,5.408416030897598,134.0,W,0.9090909090909092
2025-01-18,Missouri State @ Illinois State,2025,140.83030740234574,132.5,145.56715095676824,8.330307402345738,142.0,W,0.8928571428571428
2025-01-18,Rider @ Marist,2025,140.93510687072754,128.0,145.56715095676824,12.935106870727537,121.0,L,-1.0
2025-01-18,Troy @ South Alabama,2025,140.7659020959947,131.5,145.56715095676824,9.265902095994704,127.0,L,-1.0
2025-01-18,UNLV @ San Diego State,2025,138.62295871679441,133.0,145.56715095676824,5.622958716794415,144.0,W,0.9090909090909092
2025-01-18,Utah Tech @ Utah Valley,2025,145.81372950437887,140.5,145.56715095676824,5.31372950437887,176.0,W,0.9090909090909092
2025-01-19,TCU @ Baylor,2025,147.03476529811547,137.5,145.56715095676824,9.534765298115474,145.0,W,0.8695652173913042
2025-01-20,Georgetown @ Villanova,2025,142.64872107772328,135.5,145.56715095676824,7.14872107772328,127.0,L,-1.0
2025-01-20,Hofstra @ Drexel,2025,135.02711095421878,124.5,145.56715095676824,10.527110954218784,115.0,L,-1.0
2025-01-20,Jackson State @ Texas Southern,2025,147.58271524959426,142.0,145.56715095676824,5.5827152495942585,154.0,W,0.9090909090909092
2025-01-21,Arizona State @ West Virginia,2025,148.21971505091528,134.5,145.56715095676824,13.719715050915283,122.0,L,-1.0
2025-01-21,George Mason @ St. Bonaventure,2025,135.57764681966313,125.0,145.56715095676824,10.57764681966313,137.0,W,0.8928571428571428
2025-01-21,Mississippi State @ Tennessee,2025,148.39439351387716,142.0,145.56715095676824,6.394393513877162,124.0,L,-1.0
2025-01-21,Missouri State @ Northern Iowa,2025,143.8443276685776,134.5,145.56715095676824,9.344327668577591,147.0,W,0.9090909090909092
2025-01-21,Washington @ Oregon,2025,150.99673129332342,145.5,145.56715095676824,5.496731293323421,153.0,W,0.9090909090909092
2025-01-21,Wyoming @ UNLV,2025,142.3608462993298,133.25,145.56715095676824,9.110846299329808,124.0,L,-1.0
2025-01-22,Temple @ North Texas,2025,135.64374215195022,130.5,145.56715095676824,5.143742151950221,143.0,W,0.9523809523809523
2025-01-23,Fairfield @ Manhattan,2025,150.96486504979373,145.0,145.56715095676824,5.96486504979373,171.0,W,0.9090909090909092
2025-01-23,Jacksonville State @ UTEP,2025,142.13385294664286,137.0,145.56715095676824,5.133852946642861,139.0,W,0.9090909090909092
2025-01-25,Green Bay @ Cleveland State,2025,146.03083414917154,140.5,145.56715095676824,5.53083414917154,147.0,W,0.9090909090909092
2025-02-01,Green Bay @ Detroit Mercy,2025,143.211124288514,137.5,145.56715095676824,5.711124288513986,124.0,L,-1.0
2025-02-03,North Texas @ UAB,2025,141.33218935685176,135.5,145.56715095676824,5.832189356851757,125.0,L,-1.0
2025-02-04,Davidson @ Dayton,2025,146.64474857762005,140.5,145.56715095676824,6.1447485776200494,132.0,L,-1.0
2025-02-04,Notre Dame @ Florida State,2025,146.89714085931448,141.5,145.56715095676824,5.397140859314476,127.0,L,-1.0
2025-03-07,Valparaiso @ Northern Iowa,2025,145.0746975345382,139.5,145.56715095676824,5.574697534538188,127.0,L,-1.0
2025-03-08,Belmont @ Drake,2025,140.24070807421788,132.5,145.56715095676824,7.740708074217878,107.0,L,-1.0
2025-03-08,Valparaiso @ Bradley,2025,147.99901964048166,138.5,145.56715095676824,9.499019640481663,135.0,L,-1.0
2025-03-09,Bradley @ Drake,2025,127.48569771727196,118.5,145.56715095676824,8.985697717271961,111.0,L,-1.0
2025-03-09,North Alabama @ Lipscomb,2025,148.23221484299887,142.5,145.56715095676824,5.7322148429988715,141.0,L,-1.0
2025-03-09,VMI @ Wofford,2025,146.08185967725444,139.0,145.56715095676824,7.081859677254442,150.0,W,0.900900900900901
2025-03-11,Alabama A&M @ Grambling State,2025,137.68633878212466,129.5,145.56715095676824,8.186338782124665,129.0,L,-1.0
2025-03-11,Youngstown State @ Robert Morris,2025,145.56040390667815,137.5,145.56715095676824,8.060403906678147,167.0,W,0.8695652173913042
2025-03-12,California @ Stanford,2025,144.86592140553807,139.0,145.56715095676824,5.865921405538074,151.0,W,0.9090909090909092
2025-03-12,Charlotte @ Rice,2025,142.02200927949272,136.5,145.56715095676824,5.522009279492721,125.0,L,-1.0
2025-03-12,Florida A&M @ Jackson State,2025,141.95912229811893,136.5,145.56715095676824,5.459122298118928,167.0,W,0.8695652173913042
2025-03-12,Notre Dame @ North Carolina,2025,151.0923187348023,145.25,145.56715095676824,5.842318734802291,132.0,L,-1.0
2025-03-12,Richmond @ Davidson,2025,135.61972268348393,130.5,145.56715095676824,5.1197226834839284,134.0,W,0.8695652173913042
2025-03-12,Rider @ Quinnipiac,2025,147.99720379811862,142.5,145.56715095676824,5.497203798118619,142.0,L,-1.0
2025-03-12,Virginia @ Georgia Tech,2025,133.9253485919716,128.75,145.56715095676824,5.175348591971613,126.0,L,-1.0
2025-03-13,UNLV @ Utah State,2025,147.32124698407517,141.5,145.56715095676824,5.821246984075174,128.0,L,-1.0
2025-03-13,Villanova @ UConn,2025,140.25663055016207,134.5,145.56715095676824,5.756630550162072,129.0,L,-1.0
2025-03-14,Grambling State @ Alabama State,2025,135.8217906845827,129.5,145.56715095676824,6.321790684582709,126.0,L,-1.0
2025-03-14,Utah State @ Colorado State,2025,151.39332452767982,145.5,145.56715095676824,5.893324527679823,155.0,W,0.9090909090909092
2025-03-15,Alabama State @ Jackson State,2025,145.74184528299247,140.5,145.56715095676824,5.241845282992472,116.0,L,-1.0
2025-03-15,UAB @ North Texas,2025,140.1010726349972,135.0,145.56715095676824,5.101072634997195,122.0,L,-1.0
2025-03-18,St. Francis (PA) @ Alabama State,2025,146.18515383564997,135.75,145.56715095676824,10.43515383564997,138.0,W,0.9090909090909092
