variant_id,activation_rule_id,protection_mode,group_type,group_key,close_event_count,win_count,loss_count,flat_count,win_pct,total_realized_pnl_adr,adr_normalized_return_pct,avg_realized_pnl_adr,net_usd,account_return_pct,gross_profit_usd,gross_loss_abs_usd,profit_factor,avg_mfe_adr,avg_mae_adr_abs,mfe_1q_hit_count,mfe_2q_hit_count,mfe_3q_hit_count,mfe_1q_hit_pct,mfe_2q_hit_pct,mfe_3q_hit_pct,mae_1q_hit_count,mae_2q_hit_count,mae_3q_hit_count,mae_1q_hit_pct,mae_2q_hit_pct,mae_3q_hit_pct,target_close_net_usd,session_flatten_close_net_usd,session_flatten_account_return_pct,content_hash
RAW_GRID_T100_S020_GATE90_TRIANGLE_V0_NO_CANDIDATE_B,triangle_v0_no_candidate_b,baseline,anchor_week,2019-04-14T23:00:00.000Z,7,5,2,0,71.43,-2.966395,-2.966395,-0.423771,-7.77,-0.077738,5.7,13.47,0.422922,0.20946,0.678135,3,0,0,42.86,0,0,1,1,1,14.29,14.29,14.29,2.48,-10.26,-0.102568,A1400601243207A996C2584DCFAB28E959C4E6E3FE207E911EF5A67BC5B685D9
RAW_GRID_T100_S020_GATE90_TRIANGLE_V0_NO_CANDIDATE_B,triangle_v0_no_candidate_b,baseline,anchor_week,2019-04-21T23:00:00.000Z,13,10,3,0,76.92,-0.486591,-0.486591,-0.03743,-3.24,-0.032437,10.94,14.18,0.771263,0.245631,0.858789,8,1,0,61.54,7.69,0,6,6,5,46.15,46.15,38.46,10.42,-13.66,-0.136624,581BC349078F644868A6AFF4C98C4B542262530471B25A41B34719A217E62222
RAW_GRID_T100_S020_GATE90_TRIANGLE_V0_NO_CANDIDATE_B,triangle_v0_no_candidate_b,baseline,anchor_week,2019-04-28T23:00:00.000Z,13,12,1,0,92.31,1.149185,1.149185,0.088399,1.29,0.012876,16.06,14.77,1.087154,0.273363,0.316724,6,1,0,46.15,7.69,0,5,1,1,38.46,7.69,7.69,15.8,-14.51,-0.145123,CFA72B851DA72E0E8575EDBEB9E7C57584C6A13BF2AFC0CA8A15CC859979D226
RAW_GRID_T100_S020_GATE90_TRIANGLE_V0_NO_CANDIDATE_B,triangle_v0_no_candidate_b,baseline,anchor_week,2019-05-05T23:00:00.000Z,11,8,3,0,72.73,1.771967,1.771967,0.161088,8.65,0.086463,12.92,4.27,3.025417,0.300798,0.509541,7,1,1,63.64,9.09,9.09,7,5,3,63.64,45.45,27.27,12.7,-4.05,-0.040542,73815600E0F067C9691131B54B96FB1A40D3109148FED60223F146231B52F736
RAW_GRID_T100_S020_GATE90_TRIANGLE_V0_NO_CANDIDATE_B,triangle_v0_no_candidate_b,baseline,anchor_week,2019-05-12T23:00:00.000Z,11,6,5,0,54.55,0.782839,0.782839,0.071167,3.85,0.038484,12.52,8.67,1.443665,0.248244,0.187036,5,0,0,45.45,0,0,3,1,0,27.27,9.09,0,12.52,-8.67,-0.08674,4D0F60F2CFEE4EB1615BB99D5F167EAD16694EA86B2202C7650A5A331207683B
RAW_GRID_T100_S020_GATE90_TRIANGLE_V0_NO_CANDIDATE_B,triangle_v0_no_candidate_b,baseline,anchor_week,2019-05-19T23:00:00.000Z,8,6,2,0,75,1.463707,1.463707,0.182963,9.34,0.093369,10.43,1.09,9.571927,0.232572,0.13647,3,0,0,37.5,0,0,1,0,0,12.5,0,0,10.43,-1.09,-0.010892,A2479DC0BDB0382DA07610E19297E5577F64174D54BFF0DE1D06730731C7F2BB
RAW_GRID_T100_S020_GATE90_TRIANGLE_V0_NO_CANDIDATE_B,triangle_v0_no_candidate_b,baseline,anchor_week,2019-05-26T23:00:00.000Z,12,10,2,0,83.33,2.92848,2.92848,0.24404,10.27,0.102697,11.34,1.07,10.578278,0.309091,0.107271,8,1,1,66.67,8.33,8.33,2,1,0,16.67,8.33,0,9.8,0.47,0.004727,C9453768DA4AA8FC44BAE04D42B8E902941A9F3827545956A55DBF76AAEF2D84
RAW_GRID_T100_S020_GATE90_TRIANGLE_V0_NO_CANDIDATE_B,triangle_v0_no_candidate_b,baseline,anchor_week,2019-06-02T23:00:00.000Z,22,15,7,0,68.18,2.219781,2.219781,0.100899,9.73,0.097301,27.46,17.73,1.548709,0.270604,0.285213,9,3,0,40.91,13.64,0,6,3,1,27.27,13.64,4.55,23.19,-13.46,-0.134637,8546BDC20BDC61A7B3E4645D7E396D6AEB3FD1ECB35F9EF297A115C6DC6C83AE
RAW_GRID_T100_S020_GATE90_TRIANGLE_V0_NO_CANDIDATE_B,triangle_v0_no_candidate_b,baseline,anchor_week,2019-06-09T23:00:00.000Z,5,3,2,0,60,0.461164,0.461164,0.092233,1.76,0.017624,2.08,0.32,6.558928,0.16548,0.241402,1,0,0,20,0,0,1,1,1,20,20,20,2.08,-0.32,-0.00317,799BD1AD1ABEFBC2E44EE1BC0CB867F22D002D37200BECF5A2CF1E76BC5F00B3
RAW_GRID_T100_S020_GATE90_TRIANGLE_V0_NO_CANDIDATE_B,triangle_v0_no_candidate_b,baseline,anchor_week,2019-06-16T23:00:00.000Z,15,11,4,0,73.33,0.637822,0.637822,0.042521,2.35,0.023452,15.88,13.54,1.173237,0.236245,0.280219,7,0,0,46.67,0,0,4,2,1,26.67,13.33,6.67,15.88,-13.54,-0.135378,75B423E292BFEA0FFFEA5AB3E3932007A78ADB778821C59B84870B5F7DA7DC13
RAW_GRID_T100_S020_GATE90_TRIANGLE_V0_NO_CANDIDATE_B,triangle_v0_no_candidate_b,baseline,anchor_week,2019-06-23T23:00:00.000Z,9,8,1,0,88.89,1.207347,1.207347,0.13415,5.52,0.055203,7.29,1.77,4.116147,0.204118,0.150749,3,0,0,33.33,0,0,2,1,0,22.22,11.11,0,7.29,-1.77,-0.017715,853C66461839CCAEB9C5BE856D3BE6A7D8FA85FCCB822B6BAD6B3EA54DAA2B02
RAW_GRID_T100_S020_GATE90_TRIANGLE_V0_NO_CANDIDATE_B,triangle_v0_no_candidate_b,baseline,anchor_week,2019-06-30T23:00:00.000Z,2,0,2,0,0,-0.130638,-0.130638,-0.065319,-0.98,-0.00983,0,0.98,0,0.046282,0.159803,0,0,0,0,0,0,0,0,0,0,0,0,0,-0.98,-0.00983,BABB60BE50AB719085309B904211F8E762643123F770741AC68CAA6C936E0F4A
RAW_GRID_T100_S020_GATE90_TRIANGLE_V0_NO_CANDIDATE_B,triangle_v0_no_candidate_b,baseline,anchor_week,2019-07-14T23:00:00.000Z,11,10,1,0,90.91,-0.001477,-0.001477,-0.000134,-1.82,-0.018155,10.64,12.45,0.854231,0.26492,0.391622,5,2,0,45.45,18.18,0,4,2,1,36.36,18.18,9.09,9.92,-11.73,-0.117337,9F70E1B86C982C84B59E108B32058AF2FA6FA12AA32C1EF2FDB5DDFB5C23579A
RAW_GRID_T100_S020_GATE90_TRIANGLE_V0_NO_CANDIDATE_B,triangle_v0_no_candidate_b,baseline,anchor_week,2019-07-21T23:00:00.000Z,6,3,3,0,50,0.444472,0.444472,0.074079,3.33,0.033317,6.2,2.87,2.161688,0.370305,0.355623,4,1,0,66.67,16.67,0,3,1,1,50,16.67,16.67,5.79,-2.46,-0.024565,42D929DD7B74E57090B5F2C340DE39734192DE2616F72E2251EA8E3CFE001B99
RAW_GRID_T100_S020_GATE90_TRIANGLE_V0_NO_CANDIDATE_B,triangle_v0_no_candidate_b,baseline,anchor_week,2019-07-28T23:00:00.000Z,29,23,6,0,79.31,-11.682433,-11.682433,-0.402843,-53.58,-0.535815,35.47,89.05,0.398284,0.35771,1.306779,15,6,1,51.72,20.69,3.45,12,9,8,41.38,31.03,27.59,32.9,-86.48,-0.864798,02837F9645B5CB5592EED9C6CFAC7AE9B34FF516F8640F8F41FA81BB03E54C30
RAW_GRID_T100_S020_GATE90_TRIANGLE_V0_NO_CANDIDATE_B,triangle_v0_no_candidate_b,baseline,anchor_week,2019-08-04T23:00:00.000Z,21,18,3,0,85.71,6.022807,6.022807,0.2868,33.32,0.333215,38.77,5.44,7.120961,0.364302,0.417665,8,3,3,38.1,14.29,14.29,11,7,3,52.38,33.33,14.29,36.43,-3.11,-0.031123,5E32A1B7272F5C005ACA807BCA2A4BDDF8179DED17C6DF22ECBA80010A01BC8C
RAW_GRID_T100_S020_GATE90_TRIANGLE_V0_NO_CANDIDATE_B,triangle_v0_no_candidate_b,baseline,anchor_week,2019-08-11T23:00:00.000Z,9,9,0,0,100,2.932268,2.932268,0.325808,19.58,0.195795,19.58,0,Infinity,0.3595,0.211678,4,3,1,44.44,33.33,11.11,3,2,0,33.33,22.22,0,17.27,2.31,0.023097,74C4C36FC4B8A2E3E75B5A352A871E24206B123EBF120982AA989C98F91439A4
RAW_GRID_T100_S020_GATE90_TRIANGLE_V0_NO_CANDIDATE_B,triangle_v0_no_candidate_b,baseline,anchor_week,2019-08-18T23:00:00.000Z,13,8,5,0,61.54,1.295221,1.295221,0.099632,13.1,0.130975,17.59,4.49,3.915044,0.173872,0.092428,2,0,0,15.38,0,0,0,0,0,0,0,0,16.52,-3.42,-0.034186,94CBE0D7A2AFAC1EA9EFB51ACC0365564B8C2D0C393D682D4ED20E2DB62D4B10
RAW_GRID_T100_S020_GATE90_TRIANGLE_V0_NO_CANDIDATE_B,triangle_v0_no_candidate_b,baseline,anchor_week,2019-08-25T23:00:00.000Z,11,8,3,0,72.73,1.181682,1.181682,0.107426,2.01,0.020101,11.32,9.31,1.215817,0.228771,0.171514,4,1,0,36.36,9.09,0,3,1,1,27.27,9.09,9.09,10.78,-8.77,-0.087714,25FE7226C55A362108CE3AD30DB244F0C804EF7B4603AB90AB17C33836CDAB76
RAW_GRID_T100_S020_GATE90_TRIANGLE_V0_NO_CANDIDATE_B,triangle_v0_no_candidate_b,baseline,anchor_week,2019-09-01T23:00:00.000Z,5,4,1,0,80,1.437762,1.437762,0.287552,5.69,0.056852,5.74,0.06,99.208831,0.318766,0.052923,2,1,0,40,20,0,0,0,0,0,0,0,5.74,-0.06,-0.000579,F8C687571868C52DDE1071BA9F1454015691C1B2A64F1605DA1D21DC843D6CD3
RAW_GRID_T100_S020_GATE90_TRIANGLE_V0_NO_CANDIDATE_B,triangle_v0_no_candidate_b,baseline,anchor_week,2019-09-08T23:00:00.000Z,10,7,3,0,70,1.816982,1.816982,0.181698,12.34,0.123424,16.04,3.69,4.340588,0.256892,0.3432,5,0,0,50,0,0,4,3,1,40,30,10,16.04,-3.69,-0.036947,B3732E6CD481F3EE3631153919FF4638A5D0206F1B77BF10F4CD1D37514369FA
RAW_GRID_T100_S020_GATE90_TRIANGLE_V0_NO_CANDIDATE_B,triangle_v0_no_candidate_b,baseline,anchor_week,2019-09-15T23:00:00.000Z,7,7,0,0,100,1.97935,1.97935,0.282764,7.01,0.0701,7.01,0,Infinity,0.294957,0.334047,4,0,0,57.14,0,0,2,2,2,28.57,28.57,28.57,6.68,0.33,0.003272,41409E5FC5B0C3E38A6D44FE0E87E8B17F22FAD209206DED3E6B1F989C67A45D
RAW_GRID_T100_S020_GATE90_TRIANGLE_V0_NO_CANDIDATE_B,triangle_v0_no_candidate_b,baseline,anchor_week,2019-09-22T23:00:00.000Z,11,9,2,0,81.82,1.516647,1.516647,0.137877,5.56,0.055604,7.95,2.39,3.326737,0.222316,0.406336,3,0,0,27.27,0,0,4,3,2,36.36,27.27,18.18,7.77,-2.21,-0.022092,BF2AAC006B8816C04BF6D80AD6D62F1378240819ADD93046A8D44AC3857927EC
RAW_GRID_T100_S020_GATE90_TRIANGLE_V0_NO_CANDIDATE_B,triangle_v0_no_candidate_b,baseline,anchor_week,2019-09-29T23:00:00.000Z,26,25,1,0,96.15,10.321972,10.321972,0.396999,77.27,0.772725,77.32,0.05,1480.720936,0.399379,0.051358,14,5,4,53.85,19.23,15.38,1,0,0,3.85,0,0,77.32,-0.05,-0.000522,89E59DFA1B696BCAC836483175ACA642C36D710CCDFA27FBD040CEF3DD32AA3D
RAW_GRID_T100_S020_GATE90_TRIANGLE_V0_NO_CANDIDATE_B,triangle_v0_no_candidate_b,baseline,anchor_week,2019-10-06T23:00:00.000Z,15,9,6,0,60,-25.070704,-25.070704,-1.67138,-198.27,-1.982703,25.39,223.66,0.113502,0.242951,2.460704,8,0,0,53.33,0,0,6,6,6,40,40,40,7.18,-205.45,-2.054548,706ABDE48B7E6E3869F02518F43C770416506331BCDF4BAF453E95EE9EFCCD93
RAW_GRID_T100_S020_GATE90_TRIANGLE_V0_NO_CANDIDATE_B,triangle_v0_no_candidate_b,baseline,anchor_week,2019-10-13T23:00:00.000Z,35,31,4,0,88.57,6.007864,6.007864,0.171653,62.28,0.622818,90.93,28.65,3.173815,0.291406,0.218409,18,2,0,51.43,5.71,0,5,3,3,14.29,8.57,8.57,90.93,-28.65,-0.286509,CFF196902A4EABCB45F98F696F9014887AC7277BA4AD6759CFCA25985943D0CF
RAW_GRID_T100_S020_GATE90_TRIANGLE_V0_NO_CANDIDATE_B,triangle_v0_no_candidate_b,baseline,anchor_week,2019-10-20T23:00:00.000Z,1,1,0,0,100,0.345284,0.345284,0.345284,1.45,0.01446,1.45,0,Infinity,0.345284,0,1,0,0,100,0,0,0,0,0,0,0,0,1.45,0,0,4258D5AAF3C58823C295AA0F55691676E17F87AA2C854891B11567CF6D5079CE
RAW_GRID_T100_S020_GATE90_TRIANGLE_V0_NO_CANDIDATE_B,triangle_v0_no_candidate_b,baseline,anchor_week,2019-10-27T23:00:00.000Z,20,19,1,0,95,4.943747,4.943747,0.247187,19.8,0.198026,20.55,0.75,27.515224,0.278001,0.162683,11,2,0,55,10,0,5,2,0,25,10,0,17.65,2.15,0.021533,D7593055D5F0633615CCFD17DD9FB33230D76DCFDD41A227FBECCE2B2CBE939A
RAW_GRID_T100_S020_GATE90_TRIANGLE_V0_NO_CANDIDATE_B,triangle_v0_no_candidate_b,baseline,anchor_week,2019-11-04T00:00:00.000Z,8,7,1,0,87.5,2.567957,2.567957,0.320995,10.6,0.105999,10.96,0.36,30.421494,0.347135,0.407893,7,0,0,87.5,0,0,4,2,2,50,25,25,10.96,-0.36,-0.003603,E5375CFBDE01FDFAA857BE35A78E2C93A4F2D6688E45F4595791FAD0823467F0
RAW_GRID_T100_S020_GATE90_TRIANGLE_V0_NO_CANDIDATE_B,triangle_v0_no_candidate_b,baseline,anchor_week,2019-11-11T00:00:00.000Z,8,7,1,0,87.5,1.20172,1.20172,0.150215,4.37,0.043747,5.29,0.91,5.781572,0.187886,0.101876,2,0,0,25,0,0,1,0,0,12.5,0,0,5.17,-0.79,-0.007935,737B356ED020F8AD2B23A8713C694ACF8B571E442FB0CCCE8669721BA7996E14
RAW_GRID_T100_S020_GATE90_TRIANGLE_V0_NO_CANDIDATE_B,triangle_v0_no_candidate_b,baseline,anchor_week,2019-11-18T00:00:00.000Z,23,19,4,0,82.61,4.70661,4.70661,0.204635,22.95,0.2295,30.11,7.16,4.204903,0.290542,0.120924,15,2,1,65.22,8.7,4.35,3,2,2,13.04,8.7,8.7,29.07,-6.12,-0.06117,F7DDD6A82E62847888AC8FF2FE39D7025D2AA5444B6FBE4E6C78CD7582A03B3B
RAW_GRID_T100_S020_GATE90_TRIANGLE_V0_NO_CANDIDATE_B,triangle_v0_no_candidate_b,baseline,anchor_week,2019-11-25T00:00:00.000Z,4,4,0,0,100,0.896444,0.896444,0.224111,4.58,0.04579,4.58,0,Infinity,0.361454,0.159681,3,1,0,75,25,0,1,1,0,25,25,0,4.31,0.27,0.002715,6C376C5206743D2DA60DE10012C46D81A500DEB27216C384A4C044490FEB7F41
RAW_GRID_T100_S020_GATE90_TRIANGLE_V0_NO_CANDIDATE_B,triangle_v0_no_candidate_b,baseline,anchor_week,2019-12-02T00:00:00.000Z,7,7,0,0,100,1.415176,1.415176,0.202168,5.9,0.059004,5.9,0,Infinity,0.209838,0.048405,2,0,0,28.57,0,0,0,0,0,0,0,0,5.9,0,0,DB0D7C1F58818AADA0EFD84DD9B44B7011A31F8E723083958BE8F35B4FA79F3D
RAW_GRID_T100_S020_GATE90_TRIANGLE_V0_NO_CANDIDATE_B,triangle_v0_no_candidate_b,baseline,anchor_week,2019-12-09T00:00:00.000Z,24,15,9,0,62.5,0.930242,0.930242,0.03876,12.5,0.125033,29.86,17.36,1.7204,0.228281,0.467776,8,1,0,33.33,4.17,0,13,8,5,54.17,33.33,20.83,27.66,-15.15,-0.151534,8000AE6CB16C99F8B53C560DC744C170D7638026D37E8C12F76EB62B44C1E492
RAW_GRID_T100_S020_GATE90_TRIANGLE_V0_NO_CANDIDATE_B,triangle_v0_no_candidate_b,baseline,anchor_week,2019-12-16T00:00:00.000Z,7,6,1,0,85.71,0.578339,0.578339,0.08262,5.72,0.057207,7.27,1.55,4.697997,0.197358,0.250791,2,0,0,28.57,0,0,3,2,1,42.86,28.57,14.29,3.28,2.44,0.024398,5700603C7F7567DC247BD1D5DDC3BABDA368E609286A564841E104233EB49EC2
RAW_GRID_T100_S020_GATE90_TRIANGLE_V0_NO_CANDIDATE_B,triangle_v0_no_candidate_b,baseline,anchor_week,2019-12-23T00:00:00.000Z,4,1,3,0,25,-1.273526,-1.273526,-0.318381,-5.88,-0.058843,0.33,6.21,0.053214,0.124105,0.372954,0,0,0,0,0,0,2,1,1,50,25,25,0,-5.88,-0.058843,BD34D4EB66E87E1CFD33CA66E09548D9418AB2855CC4569F5A7D6B965D69D1FD
RAW_GRID_T100_S020_GATE90_TRIANGLE_V0_NO_CANDIDATE_B,triangle_v0_no_candidate_b,baseline,anchor_week,2019-12-30T00:00:00.000Z,11,9,2,0,81.82,1.741866,1.741866,0.158351,6.87,0.068688,9.86,2.99,3.297068,0.245768,0.119287,6,0,0,54.55,0,0,3,1,0,27.27,9.09,0,9.69,-2.82,-0.028248,9EFDFA09B0E0CAA639A404C847EA0431D24E214326CD9CF82827CDD8FD513412
RAW_GRID_T100_S020_GATE90_TRIANGLE_V0_NO_CANDIDATE_B,triangle_v0_no_candidate_b,baseline,close_month,2019-04,26,21,5,0,80.77,-2.059249,-2.059249,-0.079202,-4.32,-0.043203,23.33,27.65,0.843763,0.239541,0.660054,13,1,0,50,3.85,0,9,7,6,34.62,26.92,23.08,19.34,-23.66,-0.236577,58FE18421DFBC0F0DB3D46656DBCDB72512A2ED508C8E53CC5D4F81FDB0DD9F8
RAW_GRID_T100_S020_GATE90_TRIANGLE_V0_NO_CANDIDATE_B,triangle_v0_no_candidate_b,baseline,close_month,2019-05,47,35,12,0,74.47,6.071405,6.071405,0.129179,26.08,0.260829,55.02,28.94,1.901214,0.267231,0.272213,25,2,1,53.19,4.26,2.13,16,8,4,34.04,17.02,8.51,54.81,-28.73,-0.287272,5F0F68C191FEFEB1EEFD4684348E42D481DEB01C6060B0BAB3AC22DDB2878318
RAW_GRID_T100_S020_GATE90_TRIANGLE_V0_NO_CANDIDATE_B,triangle_v0_no_candidate_b,baseline,close_month,2019-06,52,38,14,0,73.08,5.466112,5.466112,0.105118,21.74,0.217382,54.26,32.52,1.66838,0.251374,0.247064,22,4,1,42.31,7.69,1.92,12,7,3,23.08,13.46,5.77,48.45,-26.71,-0.267098,52ADE3980D14E5F9F6CE473CF9799C620239913B052D5F95C1928DF2E096F3AC
RAW_GRID_T100_S020_GATE90_TRIANGLE_V0_NO_CANDIDATE_B,triangle_v0_no_candidate_b,baseline,close_month,2019-07,32,25,7,0,78.13,3.705445,3.705445,0.115795,12.02,0.120235,30.1,18.08,1.665128,0.28912,0.354882,16,6,0,50,18.75,0,12,5,4,37.5,15.63,12.5,28.27,-16.25,-0.162475,459243EE51DA8A90D08B7F2B9E7EA6EAD49F12376A0A5DAB0DD966828FF6E599
RAW_GRID_T100_S020_GATE90_TRIANGLE_V0_NO_CANDIDATE_B,triangle_v0_no_candidate_b,baseline,close_month,2019-08,71,54,17,0,76.06,-3.952505,-3.952505,-0.055669,1.17,0.011653,109.46,108.3,1.01076,0.311793,0.667251,26,10,5,36.62,14.08,7.04,25,17,10,35.21,23.94,14.08,101.33,-100.17,-1.001695,177804545219B3027E0959B8F7E97028A0A8AF2370FD9BA2A025AFFC74E90518
RAW_GRID_T100_S020_GATE90_TRIANGLE_V0_NO_CANDIDATE_B,triangle_v0_no_candidate_b,baseline,close_month,2019-09,33,27,6,0,81.82,6.750741,6.750741,0.204568,30.6,0.30598,36.74,6.14,5.981491,0.262816,0.318322,14,1,0,42.42,3.03,0,10,8,5,30.3,24.24,15.15,36.23,-5.63,-0.056345,94F2526113BA6DD944AD8852409D17DEB2140AC68E944FB5930FE08323040F20
RAW_GRID_T100_S020_GATE90_TRIANGLE_V0_NO_CANDIDATE_B,triangle_v0_no_candidate_b,baseline,close_month,2019-10,90,78,12,0,86.67,-5.744737,-5.744737,-0.06383,-46.29,-0.462939,206.81,253.11,0.817097,0.309167,0.542334,47,9,4,52.22,10,4.44,17,11,9,18.89,12.22,10,187.24,-233.54,-2.335364,778BF087864436DDD16C5527ACA1A435B012F3E8E3217D4A80DF8E1F8FE590CE
RAW_GRID_T100_S020_GATE90_TRIANGLE_V0_NO_CANDIDATE_B,triangle_v0_no_candidate_b,baseline,close_month,2019-11,50,44,6,0,88,11.665631,11.665631,0.233313,51.33,0.5133,59.77,8.44,7.084576,0.294321,0.156638,32,3,1,64,6,2,9,5,4,18,10,8,56.8,-5.47,-0.054676,FBBA0B3A079832DF5DC75100352178386C21DADF7E3284C243F13F0E48426DC8
RAW_GRID_T100_S020_GATE90_TRIANGLE_V0_NO_CANDIDATE_B,triangle_v0_no_candidate_b,baseline,close_month,2019-12,46,32,14,0,69.57,2.154244,2.154244,0.046831,19.42,0.19425,46.7,27.27,1.712317,0.216467,0.337679,14,1,0,30.43,2.17,0,19,12,7,41.3,26.09,15.22,40.17,-20.75,-0.2075,661EEA9EFF55021884C2B09D0ADED1387F6EE55898B89A43BDF967BC7A951C89
RAW_GRID_T100_S020_GATE90_TRIANGLE_V0_NO_CANDIDATE_B,triangle_v0_no_candidate_b,baseline,close_month,2020-01,7,6,1,0,85.71,1.237853,1.237853,0.176836,5.68,0.056839,6.52,0.84,7.781823,0.224503,0.08453,4,0,0,57.14,0,0,2,0,0,28.57,0,0,6.36,-0.67,-0.006727,4FDADD03ED96BA8791C9143F7CDFFF8102DA0B52FC46499445AA22C7C492542A
RAW_GRID_T100_S020_GATE90_TRIANGLE_V0_NO_CANDIDATE_B,triangle_v0_no_candidate_b,baseline,close_reason,session_flatten,136,45,91,0,33.09,-74.860232,-74.860232,-0.550443,-461.57,-4.61573,49.21,510.79,0.096349,0.170506,0.835142,29,3,1,21.32,2.21,0.74,63,42,28,46.32,30.88,20.59,0,-461.57,-4.61573,9267FFBC091363EE721C6129329F19CF081B7A852030D148A3A5D3FDE4164A55
RAW_GRID_T100_S020_GATE90_TRIANGLE_V0_NO_CANDIDATE_B,triangle_v0_no_candidate_b,baseline,close_reason,target,318,315,3,0,99.06,100.155172,100.155172,0.314953,579.01,5.790056,579.5,0.5,1162.111387,0.323279,0.223981,184,34,11,57.86,10.69,3.46,68,38,24,21.38,11.95,7.55,579.01,0,0,51704C4B59A3944C23E1C6E8E304E2DA4555B6E9FC34F667ADD2A28BB84CE695
RAW_GRID_T100_S020_GATE90_TRIANGLE_V0_NO_CANDIDATE_B,triangle_v0_no_candidate_b,baseline,pair,AUDCAD,10,8,2,0,80,1.764276,1.764276,0.176428,6.45,0.064538,9.83,3.38,2.908965,0.287283,0.145785,4,1,0,40,10,0,2,1,0,20,10,0,8.3,-1.85,-0.018491,745B71E3B484DC873DA660A07A1D392E24138B3836C84D7BCC2822256344BCD8
RAW_GRID_T100_S020_GATE90_TRIANGLE_V0_NO_CANDIDATE_B,triangle_v0_no_candidate_b,baseline,pair,AUDCHF,12,9,3,0,75,3.210528,3.210528,0.267544,11.42,0.114195,12.57,1.15,10.919736,0.332264,0.54453,7,1,1,58.33,8.33,8.33,2,2,1,16.67,16.67,8.33,12.04,-0.62,-0.006215,34A501D40F60A58AF668768624917F93F9C5832F34D4ED03BFE907104EC3F596
RAW_GRID_T100_S020_GATE90_TRIANGLE_V0_NO_CANDIDATE_B,triangle_v0_no_candidate_b,baseline,pair,AUDJPY,11,9,2,0,81.82,-13.522528,-13.522528,-1.229321,-47.33,-0.473283,14.05,61.38,0.228947,0.328834,2.322801,8,1,0,72.73,9.09,0,7,6,6,63.64,54.55,54.55,13.18,-60.5,-0.605042,355D6327EE61C5112260D0B5DDCD8B13765FC311212339E10FEAF38ED2E8139A
RAW_GRID_T100_S020_GATE90_TRIANGLE_V0_NO_CANDIDATE_B,triangle_v0_no_candidate_b,baseline,pair,AUDNZD,12,10,2,0,83.33,2.575717,2.575717,0.214643,8.1,0.081048,9.08,0.98,9.302481,0.281705,0.040161,6,1,1,50,8.33,8.33,0,0,0,0,0,0,5.84,2.26,0.022616,2BE3DF235A64FE7E1DBAFA98BB7B3DB85C5B3314DE5174D9E9C58C592CE2FDE0
RAW_GRID_T100_S020_GATE90_TRIANGLE_V0_NO_CANDIDATE_B,triangle_v0_no_candidate_b,baseline,pair,AUDUSD,12,9,3,0,75,-0.739542,-0.739542,-0.061628,-5.89,-0.05889,7.54,13.43,0.561569,0.223185,0.523021,5,0,0,41.67,0,0,6,3,2,50,25,16.67,6.87,-12.76,-0.127585,9B6657BC30C2F9E9CA11E1FA601BA4857648A5D36192F8B2C4536DE4321B7271
RAW_GRID_T100_S020_GATE90_TRIANGLE_V0_NO_CANDIDATE_B,triangle_v0_no_candidate_b,baseline,pair,CADCHF,14,11,3,0,78.57,2.63531,2.63531,0.188236,12.69,0.126889,15.32,2.63,5.827774,0.275084,0.280292,4,1,1,28.57,7.14,7.14,7,3,0,50,21.43,0,14.8,-2.11,-0.02114,4A8910DC79D4A7BA1EE02EA3AF18678EAA713D41EC46EEF827C42AB922BE2ADC
RAW_GRID_T100_S020_GATE90_TRIANGLE_V0_NO_CANDIDATE_B,triangle_v0_no_candidate_b,baseline,pair,CADJPY,18,14,4,0,77.78,3.990903,3.990903,0.221717,17.76,0.177627,20.05,2.29,8.765797,0.287092,0.397624,12,0,0,66.67,0,0,7,6,4,38.89,33.33,22.22,17.68,0.08,0.000823,A12899E09FE641B4B8868FEBB3F1205621888CBC99A733388DEC09228B6B6A7E
RAW_GRID_T100_S020_GATE90_TRIANGLE_V0_NO_CANDIDATE_B,triangle_v0_no_candidate_b,baseline,pair,CHFJPY,16,10,6,0,62.5,0.452988,0.452988,0.028312,1.35,0.013463,12.46,11.11,1.121137,0.224372,0.296744,6,2,0,37.5,12.5,0,7,4,2,43.75,25,12.5,12.46,-11.11,-0.111137,A4F438E3DA6048DC3F0FA5E64033201644346A77BE566FBC668E0FA822B1A969
RAW_GRID_T100_S020_GATE90_TRIANGLE_V0_NO_CANDIDATE_B,triangle_v0_no_candidate_b,baseline,pair,EURAUD,11,8,3,0,72.73,1.413452,1.413452,0.128496,6.41,0.064087,14.45,8.04,1.796733,0.29467,0.283246,6,1,0,54.55,9.09,0,4,2,2,36.36,18.18,18.18,13.59,-7.19,-0.071857,5222A2C5A9C652C6DEB0B7F985E227D84FCCD4B314946B2AC3B46AED19303001
RAW_GRID_T100_S020_GATE90_TRIANGLE_V0_NO_CANDIDATE_B,triangle_v0_no_candidate_b,baseline,pair,EURCAD,16,12,4,0,75,1.056613,1.056613,0.066038,2.83,0.028321,20.08,17.25,1.164194,0.278559,0.271408,6,2,0,37.5,12.5,0,6,3,1,37.5,18.75,6.25,19.7,-16.87,-0.168688,63B969938430E548810AA1DC3C487B7DB9D10AD64BB22316197649B2ED3B4819
RAW_GRID_T100_S020_GATE90_TRIANGLE_V0_NO_CANDIDATE_B,triangle_v0_no_candidate_b,baseline,pair,EURCHF,18,16,2,0,88.89,2.526653,2.526653,0.14037,9.59,0.095917,13.68,4.09,3.345243,0.232933,0.149003,7,0,0,38.89,0,0,3,3,1,16.67,16.67,5.56,13.2,-3.61,-0.036056,C6360DC8393F82CE81618B45742CE33BEE4245E91D634890F0E055B0403AD596
RAW_GRID_T100_S020_GATE90_TRIANGLE_V0_NO_CANDIDATE_B,triangle_v0_no_candidate_b,baseline,pair,EURGBP,19,16,3,0,84.21,-1.676681,-1.676681,-0.088246,-9.06,-0.090564,40.1,49.16,0.815767,0.314279,0.538762,8,3,1,42.11,15.79,5.26,3,1,1,15.79,5.26,5.26,39.77,-48.83,-0.488269,C7A488D4F96291A571545C3599D35BAC60BA1A2022E13A69C1C26B3BD47D64CF
RAW_GRID_T100_S020_GATE90_TRIANGLE_V0_NO_CANDIDATE_B,triangle_v0_no_candidate_b,baseline,pair,EURJPY,11,8,3,0,72.73,-0.028528,-0.028528,-0.002593,-0.55,-0.005522,17.04,17.6,0.968619,0.329843,0.668668,7,2,0,63.64,18.18,0,5,3,2,45.45,27.27,18.18,17.04,-17.6,-0.175963,7CC5A96AFA632F536E6504468045F761E51534DBE6451A3099E0BE5E0845B0AE
RAW_GRID_T100_S020_GATE90_TRIANGLE_V0_NO_CANDIDATE_B,triangle_v0_no_candidate_b,baseline,pair,EURNZD,14,12,2,0,85.71,2.658194,2.658194,0.189871,14.82,0.148237,15.45,0.63,24.657353,0.234893,0.223468,5,0,0,35.71,0,0,3,1,1,21.43,7.14,7.14,11.76,3.07,0.030686,1728C92801DCB8AAF5E24BB17BE51D6E354297EB341D621C0A9F20DA8EF7A06D
RAW_GRID_T100_S020_GATE90_TRIANGLE_V0_NO_CANDIDATE_B,triangle_v0_no_candidate_b,baseline,pair,EURUSD,14,8,6,0,57.14,-2.701844,-2.701844,-0.192989,-13.92,-0.13923,12.22,26.14,0.467419,0.230248,0.736741,8,0,0,57.14,0,0,6,4,4,42.86,28.57,28.57,12.22,-26.14,-0.261425,E4C580AA7F9FB2B450B9CEE834AE87A87916D27CADD982CB4DD94400664A2B15
RAW_GRID_T100_S020_GATE90_TRIANGLE_V0_NO_CANDIDATE_B,triangle_v0_no_candidate_b,baseline,pair,GBPAUD,17,17,0,0,100,4.500733,4.500733,0.264749,42.19,0.421923,42.19,0,Infinity,0.297973,0.393423,9,1,0,52.94,5.88,0,4,3,3,23.53,17.65,17.65,32.87,9.32,0.093175,2BBC990CDE33076FC5FA165FA39DE7ADC7EBB060B3090EAC32ED3E3A4A9F99BF
RAW_GRID_T100_S020_GATE90_TRIANGLE_V0_NO_CANDIDATE_B,triangle_v0_no_candidate_b,baseline,pair,GBPCAD,18,13,5,0,72.22,2.309287,2.309287,0.128294,20.75,0.207453,42.8,22.05,1.940814,0.304376,0.275618,7,3,2,38.89,16.67,11.11,6,5,3,33.33,27.78,16.67,42.8,-22.05,-0.220504,4676234C917A7839491CC120922A13C059B860B3B02ECDBA59DC1E6408B76260
RAW_GRID_T100_S020_GATE90_TRIANGLE_V0_NO_CANDIDATE_B,triangle_v0_no_candidate_b,baseline,pair,GBPCHF,19,14,5,0,73.68,1.796709,1.796709,0.094564,24.83,0.248338,41.84,17.01,2.460149,0.26453,0.198508,6,2,0,31.58,10.53,0,1,1,1,5.26,5.26,5.26,40.76,-15.92,-0.159244,8E18FFFD9EAE4A3B13E5354A018708C803D4BEA9DA0FDFE49D815ABA629E951F
RAW_GRID_T100_S020_GATE90_TRIANGLE_V0_NO_CANDIDATE_B,triangle_v0_no_candidate_b,baseline,pair,GBPJPY,16,11,5,0,68.75,-7.428443,-7.428443,-0.464278,-54.24,-0.54245,45.11,99.36,0.454041,0.278597,0.858681,7,1,1,43.75,6.25,6.25,3,3,2,18.75,18.75,12.5,45.11,-99.36,-0.993573,31E30BE367BFA666805A272347E536F7D45A1C8794F4C9ECC6F870824E72B653
RAW_GRID_T100_S020_GATE90_TRIANGLE_V0_NO_CANDIDATE_B,triangle_v0_no_candidate_b,baseline,pair,GBPNZD,29,21,8,0,72.41,-1.037961,-1.037961,-0.035792,-11.26,-0.112577,51.82,63.08,0.821531,0.248833,0.425016,16,1,0,55.17,3.45,0,11,4,3,37.93,13.79,10.34,43.3,-54.56,-0.545625,71239C6E05A5464789548192CA6968DE725E94D1B19928296F4CB235B2F3C47A
RAW_GRID_T100_S020_GATE90_TRIANGLE_V0_NO_CANDIDATE_B,triangle_v0_no_candidate_b,baseline,pair,GBPUSD,24,19,5,0,79.17,-0.685709,-0.685709,-0.028571,-7.28,-0.072755,43.57,50.84,0.856905,0.269889,0.387614,11,1,0,45.83,4.17,0,4,2,1,16.67,8.33,4.17,36.72,-44,-0.439992,7C21DB6DE5B98467FFC42B2A47986183DD1F2C234449B659A45CA8CE32964696
RAW_GRID_T100_S020_GATE90_TRIANGLE_V0_NO_CANDIDATE_B,triangle_v0_no_candidate_b,baseline,pair,NZDCAD,14,12,2,0,85.71,2.783484,2.783484,0.19882,9.71,0.097133,10.12,0.41,24.642087,0.232231,0.099197,5,0,0,35.71,0,0,2,2,0,14.29,14.29,0,9.8,-0.08,-0.000836,702269A95EEFE712FDE9AE66EC1851A9BCE2D5C2FE598900754BB00CB6BCD81C
RAW_GRID_T100_S020_GATE90_TRIANGLE_V0_NO_CANDIDATE_B,triangle_v0_no_candidate_b,baseline,pair,NZDCHF,13,12,1,0,92.31,3.202597,3.202597,0.246354,11.95,0.119533,12.88,0.93,13.912472,0.285633,0.363373,7,2,0,53.85,15.38,0,5,2,1,38.46,15.38,7.69,12.76,-0.8,-0.008043,C75ABB1FA254222FB595CADC78E4B342B0CDC1BB5CB9C68E7C6E5CDFD41D58E6
RAW_GRID_T100_S020_GATE90_TRIANGLE_V0_NO_CANDIDATE_B,triangle_v0_no_candidate_b,baseline,pair,NZDJPY,13,11,2,0,84.62,1.003359,1.003359,0.077181,4.29,0.042897,11.83,7.54,1.569187,0.229386,0.378847,6,0,0,46.15,0,0,4,3,3,30.77,23.08,23.08,9.98,-5.69,-0.056871,0D6E5915CAC32921AE2BAF5F1CF92AEB3E8E9888EF8EA9CCBF371097853DD06B
RAW_GRID_T100_S020_GATE90_TRIANGLE_V0_NO_CANDIDATE_B,triangle_v0_no_candidate_b,baseline,pair,NZDUSD,19,16,3,0,84.21,4.527187,4.527187,0.238273,17.82,0.178203,26.84,9.02,2.975589,0.372562,0.393897,13,5,1,68.42,26.32,5.26,7,4,3,36.84,21.05,15.79,26.32,-8.5,-0.085016,23129A62DEF046CE7E2C24F91BEB69B93D8EC31B704245F682D0B9485FA23526
RAW_GRID_T100_S020_GATE90_TRIANGLE_V0_NO_CANDIDATE_B,triangle_v0_no_candidate_b,baseline,pair,USDCAD,32,28,4,0,87.5,7.656916,7.656916,0.239279,28.25,0.282485,30.76,2.52,12.227213,0.272514,0.252233,12,4,3,37.5,12.5,9.38,7,6,3,21.88,18.75,9.38,30.23,-1.98,-0.019836,AA4AEDD1E53C96DA0B7B5B8E830B0AA8203A08667579B11843E873EB6A3B1968
RAW_GRID_T100_S020_GATE90_TRIANGLE_V0_NO_CANDIDATE_B,triangle_v0_no_candidate_b,baseline,pair,USDCHF,13,9,4,0,69.23,-1.856012,-1.856012,-0.14277,-4.25,-0.042483,14.07,18.32,0.768117,0.285513,0.468565,6,1,1,46.15,7.69,7.69,4,1,1,30.77,7.69,7.69,13.5,-17.75,-0.177465,0C6FD5BBB41AD69B2B8D4857607E1DB3261E65AC3595F9CE4A521D357CBF2EF2
RAW_GRID_T100_S020_GATE90_TRIANGLE_V0_NO_CANDIDATE_B,triangle_v0_no_candidate_b,baseline,pair,USDJPY,19,17,2,0,89.47,4.907282,4.907282,0.258278,19.98,0.199793,20.94,0.96,21.801208,0.298181,0.211964,9,1,0,47.37,5.26,0,5,2,1,26.32,10.53,5.26,16.4,3.58,0.035843,3B178E29F2F7C335718104D04176FA971B65D3D510DEA8B1E0110D2E78D4DEC4
RAW_GRID_T100_S020_GATE90_TRIANGLE_V0_NO_CANDIDATE_B,triangle_v0_no_candidate_b,baseline,pair_side,AUDCAD_LONG,4,3,1,0,75,0.002151,0.002151,0.000538,-0.08,-0.000761,2.48,2.56,0.970249,0.206325,0.221251,0,0,0,0,0,0,1,1,0,25,25,0,2.48,-2.56,-0.025579,FC4C2D77C4CBBE937AB8205CE74FC3A928B1A014F80A2B1D7584DF61A46F17E7
RAW_GRID_T100_S020_GATE90_TRIANGLE_V0_NO_CANDIDATE_B,triangle_v0_no_candidate_b,baseline,pair_side,AUDCAD_SHORT,6,5,1,0,83.33,1.762125,1.762125,0.293688,6.53,0.065299,7.35,0.82,8.935063,0.341256,0.095474,4,1,0,66.67,16.67,0,1,0,0,16.67,0,0,5.82,0.71,0.007088,4B532C8296674C4D86511CC4B2D2CDEFA8064D7C8A03E39AF2E9C50942BE579D
RAW_GRID_T100_S020_GATE90_TRIANGLE_V0_NO_CANDIDATE_B,triangle_v0_no_candidate_b,baseline,pair_side,AUDCHF_LONG,10,7,3,0,70,2.724443,2.724443,0.272444,9.21,0.092087,10.36,1.15,8.999283,0.346768,0.636994,6,1,1,60,10,10,2,2,1,20,20,10,9.83,-0.62,-0.006215,F6E6B7B36235B968E6D34D40589CB7EEF3A7B02B3AE6F4CDE4908FDFE731F2E8
RAW_GRID_T100_S020_GATE90_TRIANGLE_V0_NO_CANDIDATE_B,triangle_v0_no_candidate_b,baseline,pair_side,AUDCHF_SHORT,2,2,0,0,100,0.486085,0.486085,0.243043,2.21,0.022108,2.21,0,Infinity,0.259741,0.082208,1,0,0,50,0,0,0,0,0,0,0,0,2.21,0,0,38FFA39BAA9A3BD70D636B61A37238D59F34B47611A27C733AA1F27FBA7FADEE
RAW_GRID_T100_S020_GATE90_TRIANGLE_V0_NO_CANDIDATE_B,triangle_v0_no_candidate_b,baseline,pair_side,AUDJPY_LONG,10,8,2,0,80,-13.799341,-13.799341,-1.379934,-48.71,-0.487063,12.68,61.38,0.206497,0.3324,2.461059,7,1,0,70,10,0,6,5,5,60,50,50,11.8,-60.5,-0.605042,496F13F64ED41952DF2B9CFA231F46BDEBB829CF484A463F76453F02FBA38A04
RAW_GRID_T100_S020_GATE90_TRIANGLE_V0_NO_CANDIDATE_B,triangle_v0_no_candidate_b,baseline,pair_side,AUDJPY_SHORT,1,1,0,0,100,0.276813,0.276813,0.276813,1.38,0.01378,1.38,0,Infinity,0.293168,0.94022,1,0,0,100,0,0,1,1,1,100,100,100,1.38,0,0,4FA16649B26C9A9511023FF61A52F04762393F1344DEBD35EE689B2128595CF5
RAW_GRID_T100_S020_GATE90_TRIANGLE_V0_NO_CANDIDATE_B,triangle_v0_no_candidate_b,baseline,pair_side,AUDNZD_LONG,3,2,1,0,66.67,0.244714,0.244714,0.081571,0.35,0.003542,1.19,0.84,1.42165,0.159018,0.130708,1,0,0,33.33,0,0,0,0,0,0,0,0,1.19,-0.84,-0.008401,B281CB7878C11BA5DE8DA7055AFD65283523FC63083161A6B6515D2524010F2D
RAW_GRID_T100_S020_GATE90_TRIANGLE_V0_NO_CANDIDATE_B,triangle_v0_no_candidate_b,baseline,pair_side,AUDNZD_SHORT,9,8,1,0,88.89,2.331003,2.331003,0.259,7.75,0.077506,7.89,0.14,57.970973,0.3226,0.009978,5,1,1,55.56,11.11,11.11,0,0,0,0,0,0,4.65,3.1,0.031017,78384142AE6AC9FC94655B8D75313F4778132BF2C85E3D0BDA1EEE450C863244
RAW_GRID_T100_S020_GATE90_TRIANGLE_V0_NO_CANDIDATE_B,triangle_v0_no_candidate_b,baseline,pair_side,AUDUSD_LONG,2,2,0,0,100,0.368153,0.368153,0.184077,1.12,0.011203,1.12,0,Infinity,0.184077,0.493098,1,0,0,50,0,0,1,1,1,50,50,50,1.12,0,0,1CE45E869BB051C6CDA27B4A8FBB295CD98420616DA7B4114D34D79CA23418D8
RAW_GRID_T100_S020_GATE90_TRIANGLE_V0_NO_CANDIDATE_B,triangle_v0_no_candidate_b,baseline,pair_side,AUDUSD_SHORT,10,7,3,0,70,-1.107695,-1.107695,-0.110769,-7.01,-0.070093,6.42,13.43,0.478165,0.231007,0.529006,4,0,0,40,0,0,5,2,1,50,20,10,5.75,-12.76,-0.127585,4DE26E7F38B09A1AFBC336AC00B214DCD0C722822EFBDD33D463DB4CBF0C951F
RAW_GRID_T100_S020_GATE90_TRIANGLE_V0_NO_CANDIDATE_B,triangle_v0_no_candidate_b,baseline,pair_side,CADCHF_LONG,8,6,2,0,75,0.916539,0.916539,0.114567,3.41,0.034051,4.26,0.86,4.974107,0.210246,0.364538,1,0,0,12.5,0,0,4,3,0,50,37.5,0,4.26,-0.86,-0.008568,C68747A27D518E774AFC99554B798AB93D0F1357641EDFB27DDE6BCB46FB9417
RAW_GRID_T100_S020_GATE90_TRIANGLE_V0_NO_CANDIDATE_B,triangle_v0_no_candidate_b,baseline,pair_side,CADCHF_SHORT,6,5,1,0,83.33,1.718771,1.718771,0.286462,9.28,0.092838,11.06,1.77,6.240667,0.361535,0.167965,3,1,1,50,16.67,16.67,3,0,0,50,0,0,10.54,-1.26,-0.012572,50FD995D795C4E6F80167311122D420AD5B9D4B7CACE9C34FD7621D55D235F18
RAW_GRID_T100_S020_GATE90_TRIANGLE_V0_NO_CANDIDATE_B,triangle_v0_no_candidate_b,baseline,pair_side,CADJPY_LONG,16,12,4,0,75,3.468415,3.468415,0.216776,15.32,0.153245,17.61,2.29,7.69984,0.290323,0.447327,11,0,0,68.75,0,0,7,6,4,43.75,37.5,25,15.24,0.08,0.000823,2EBEE38AE67D91E00A635865FF50A8D07B1C820A5B967CCFE14F54DCF558C769
RAW_GRID_T100_S020_GATE90_TRIANGLE_V0_NO_CANDIDATE_B,triangle_v0_no_candidate_b,baseline,pair_side,CADJPY_SHORT,2,2,0,0,100,0.522488,0.522488,0.261244,2.44,0.024382,2.44,0,Infinity,0.261244,0,1,0,0,50,0,0,0,0,0,0,0,0,2.44,0,0,B0D71C899FC714148856304A4710EBF010F8C91418803836DF177B24481F6EE5
RAW_GRID_T100_S020_GATE90_TRIANGLE_V0_NO_CANDIDATE_B,triangle_v0_no_candidate_b,baseline,pair_side,CHFJPY_LONG,8,7,1,0,87.5,1.901947,1.901947,0.237743,6.38,0.063825,7.1,0.72,9.83799,0.272992,0.149753,3,2,0,37.5,25,0,3,1,0,37.5,12.5,0,7.1,-0.72,-0.007222,487687D2F37CCC8D32FE3434BDE33473186A30797543AAC1AD650DF41884FE28
RAW_GRID_T100_S020_GATE90_TRIANGLE_V0_NO_CANDIDATE_B,triangle_v0_no_candidate_b,baseline,pair_side,CHFJPY_SHORT,8,3,5,0,37.5,-1.448959,-1.448959,-0.18112,-5.04,-0.050362,5.36,10.39,0.515356,0.175752,0.443735,3,0,0,37.5,0,0,4,3,2,50,37.5,25,5.36,-10.39,-0.103915,77B10CE73B3AC6EC6A8AF7C9B8A54C606185FB6E21001BF2AC9AED9EEEA4D6C3
RAW_GRID_T100_S020_GATE90_TRIANGLE_V0_NO_CANDIDATE_B,triangle_v0_no_candidate_b,baseline,pair_side,EURAUD_LONG,5,3,2,0,60,0.642532,0.642532,0.128506,1.28,0.012768,7.04,5.76,1.221664,0.351391,0.530382,3,1,0,60,20,0,3,2,2,60,40,40,7.04,-5.76,-0.057602,C39FD09AC78CDAC56575DBD9B1908E4A740FFA0F92D4A28735C1DBA4A9E7A976
RAW_GRID_T100_S020_GATE90_TRIANGLE_V0_NO_CANDIDATE_B,triangle_v0_no_candidate_b,baseline,pair_side,EURAUD_SHORT,6,5,1,0,83.33,0.77092,0.77092,0.128487,5.13,0.051318,7.42,2.28,3.247378,0.247402,0.077301,3,0,0,50,0,0,1,0,0,16.67,0,0,6.56,-1.43,-0.014255,6DACB76ACD019E56B4D131664A11891E3B20C1730E3E5FA1BF776D96CAB9BE86
RAW_GRID_T100_S020_GATE90_TRIANGLE_V0_NO_CANDIDATE_B,triangle_v0_no_candidate_b,baseline,pair_side,EURCAD_LONG,10,7,3,0,70,0.604047,0.604047,0.060405,2.62,0.026231,10.6,7.97,1.329018,0.236919,0.238192,2,1,0,20,10,0,4,2,0,40,20,0,10.22,-7.59,-0.075925,E260C58ABAD19C4B02B0B3D3CDC60B68B2A8E47D261DF05C86D8CE0DF58C39A2
RAW_GRID_T100_S020_GATE90_TRIANGLE_V0_NO_CANDIDATE_B,triangle_v0_no_candidate_b,baseline,pair_side,EURCAD_SHORT,6,5,1,0,83.33,0.452566,0.452566,0.075428,0.21,0.002091,9.49,9.28,1.022537,0.347959,0.326767,4,1,0,66.67,16.67,0,2,1,1,33.33,16.67,16.67,9.49,-9.28,-0.092763,E785F195D9368BAC0AB2D9B8986B3C983CCF4F4F387F2BDF8B0BCC7CEDB116AC
RAW_GRID_T100_S020_GATE90_TRIANGLE_V0_NO_CANDIDATE_B,triangle_v0_no_candidate_b,baseline,pair_side,EURCHF_LONG,10,9,1,0,90,1.192519,1.192519,0.119252,4.59,0.045921,6.74,2.15,3.133763,0.193098,0.166473,2,0,0,20,0,0,2,2,0,20,20,0,6.5,-1.91,-0.0191,8A42FABAA43A7FBA9992C9D8A1972D542AA4F8A8E74E1EC5C8C67A27DACE9635
RAW_GRID_T100_S020_GATE90_TRIANGLE_V0_NO_CANDIDATE_B,triangle_v0_no_candidate_b,baseline,pair_side,EURCHF_SHORT,8,7,1,0,87.5,1.334134,1.334134,0.166767,5,0.049996,6.94,1.94,3.580121,0.282728,0.127165,5,0,0,62.5,0,0,1,1,1,12.5,12.5,12.5,6.7,-1.7,-0.016956,4819C14822F5A389051567276579DCF977CC70176B53DDC5E4476C9E8FFFC119
RAW_GRID_T100_S020_GATE90_TRIANGLE_V0_NO_CANDIDATE_B,triangle_v0_no_candidate_b,baseline,pair_side,EURGBP_LONG,12,9,3,0,75,-4.553607,-4.553607,-0.379467,-27.7,-0.276991,21.46,49.16,0.436524,0.248113,0.79468,5,1,0,41.67,8.33,0,2,1,1,16.67,8.33,8.33,21.46,-49.16,-0.491576,4C3AC65F3660BD3195B3FEC7EA9B79F687ED47BE1B538E14178820CEE958AD18
RAW_GRID_T100_S020_GATE90_TRIANGLE_V0_NO_CANDIDATE_B,triangle_v0_no_candidate_b,baseline,pair_side,EURGBP_SHORT,7,7,0,0,100,2.876926,2.876926,0.410989,18.64,0.186427,18.64,0,Infinity,0.427707,0.100045,3,2,1,42.86,28.57,14.29,1,0,0,14.29,0,0,18.31,0.33,0.003307,6E29A5B5BF9F23C70D539C805E8D0B3BCB385B741D709B12AB1DF2CAF81C2CA5
RAW_GRID_T100_S020_GATE90_TRIANGLE_V0_NO_CANDIDATE_B,triangle_v0_no_candidate_b,baseline,pair_side,EURJPY_LONG,7,5,2,0,71.43,-1.102011,-1.102011,-0.15743,-7.2,-0.07201,8.32,15.52,0.535998,0.282405,0.911267,4,1,0,57.14,14.29,0,3,2,2,42.86,28.57,28.57,8.32,-15.52,-0.155192,869504B9FA2B381F5F3AEE76F3CB64E4E88220D4ED7A8922C7D6C72CBD48A909
RAW_GRID_T100_S020_GATE90_TRIANGLE_V0_NO_CANDIDATE_B,triangle_v0_no_candidate_b,baseline,pair_side,EURJPY_SHORT,4,3,1,0,75,1.073483,1.073483,0.268371,6.65,0.066488,8.73,2.08,4.200992,0.41286,0.244119,3,1,0,75,25,0,2,1,0,50,25,0,8.73,-2.08,-0.020771,58806702D80D4E7C1AFE01DB725C6A1A5265C994EFFDC807FEBB69DEB1DDCB87
RAW_GRID_T100_S020_GATE90_TRIANGLE_V0_NO_CANDIDATE_B,triangle_v0_no_candidate_b,baseline,pair_side,EURNZD_LONG,6,6,0,0,100,1.273424,1.273424,0.212237,7.14,0.071376,7.14,0,Infinity,0.234651,0.04796,1,0,0,16.67,0,0,0,0,0,0,0,0,5.85,1.29,0.012857,AE22FD20B92BDCF9F98C78472E1C039AAC26E986505E9796E700EED63BCA0DE2
RAW_GRID_T100_S020_GATE90_TRIANGLE_V0_NO_CANDIDATE_B,triangle_v0_no_candidate_b,baseline,pair_side,EURNZD_SHORT,8,6,2,0,75,1.38477,1.38477,0.173096,7.69,0.076861,8.31,0.63,13.266388,0.235075,0.355098,4,0,0,50,0,0,3,1,1,37.5,12.5,12.5,5.9,1.78,0.017829,F18733BDF22E4ABB06018F4C0B418B3F31759DF623E0300245C1D52901EFD055
RAW_GRID_T100_S020_GATE90_TRIANGLE_V0_NO_CANDIDATE_B,triangle_v0_no_candidate_b,baseline,pair_side,EURUSD_LONG,7,4,3,0,57.14,-0.413018,-0.413018,-0.059003,-3.06,-0.030602,4.8,7.86,0.610877,0.192269,0.55114,4,0,0,57.14,0,0,2,1,1,28.57,14.29,14.29,4.8,-7.86,-0.078643,BFE59FD23B96CAEB66FF8071E5C29C1887FAED74D91B560526D672E0C10CAEA2
RAW_GRID_T100_S020_GATE90_TRIANGLE_V0_NO_CANDIDATE_B,triangle_v0_no_candidate_b,baseline,pair_side,EURUSD_SHORT,7,4,3,0,57.14,-2.288826,-2.288826,-0.326975,-10.86,-0.108628,7.42,18.28,0.405696,0.268227,0.922341,4,0,0,57.14,0,0,4,3,3,57.14,42.86,42.86,7.42,-18.28,-0.182782,090CCDCF6C1187B41193875700430A6BA65086E0B8822C145806223CB12C9018
RAW_GRID_T100_S020_GATE90_TRIANGLE_V0_NO_CANDIDATE_B,triangle_v0_no_candidate_b,baseline,pair_side,GBPAUD_LONG,8,8,0,0,100,1.772471,1.772471,0.221559,14.16,0.141631,14.16,0,Infinity,0.24688,0.386107,2,0,0,25,0,0,2,2,2,25,25,25,11.19,2.97,0.029702,9CB15DFFA8AC684F3820CD07906F8F221B96AA7680FCBD46FD3A77407ACAFA9D
RAW_GRID_T100_S020_GATE90_TRIANGLE_V0_NO_CANDIDATE_B,triangle_v0_no_candidate_b,baseline,pair_side,GBPAUD_SHORT,9,9,0,0,100,2.728262,2.728262,0.30314,28.03,0.280292,28.03,0,Infinity,0.343389,0.399926,7,1,0,77.78,11.11,0,2,1,1,22.22,11.11,11.11,21.68,6.35,0.063473,570007DAC5DFD4FF7724D1C9658666292D20FC3FE11F6C1A107505FEAE96CEE0
RAW_GRID_T100_S020_GATE90_TRIANGLE_V0_NO_CANDIDATE_B,triangle_v0_no_candidate_b,baseline,pair_side,GBPCAD_LONG,9,6,3,0,66.67,1.61343,1.61343,0.17927,14.9,0.148972,24.15,9.25,2.610143,0.350359,0.296777,3,2,2,33.33,22.22,22.22,3,3,1,33.33,33.33,11.11,24.15,-9.25,-0.092521,D5889CB4D0752157BFD83AF4F46CDCCC5EBE88E99F8DE324AE194110004E64A2
RAW_GRID_T100_S020_GATE90_TRIANGLE_V0_NO_CANDIDATE_B,triangle_v0_no_candidate_b,baseline,pair_side,GBPCAD_SHORT,9,7,2,0,77.78,0.695857,0.695857,0.077317,5.85,0.05848,18.65,12.8,1.456942,0.258393,0.25446,4,1,0,44.44,11.11,0,3,2,2,33.33,22.22,22.22,18.65,-12.8,-0.127982,7D3E61EFE2BC18C5A73700C95CEEE6DB099404BEE834E8BB50D38A5C59C83152
RAW_GRID_T100_S020_GATE90_TRIANGLE_V0_NO_CANDIDATE_B,triangle_v0_no_candidate_b,baseline,pair_side,GBPCHF_LONG,7,6,1,0,85.71,1.779835,1.779835,0.254262,16.31,0.163138,16.95,0.63,26.773631,0.295465,0.10689,2,1,0,28.57,14.29,0,0,0,0,0,0,0,16.34,-0.02,-0.000235,D95E687D1D7A164F13B838CBADCE73C7BB911BEC85E737C0DBE381359D538788
RAW_GRID_T100_S020_GATE90_TRIANGLE_V0_NO_CANDIDATE_B,triangle_v0_no_candidate_b,baseline,pair_side,GBPCHF_SHORT,12,8,4,0,66.67,0.016874,0.016874,0.001406,8.52,0.085199,24.89,16.37,1.520311,0.246484,0.251952,4,1,0,33.33,8.33,0,1,1,1,8.33,8.33,8.33,24.42,-15.9,-0.159009,8DD257101F5E45888EB08A18E073EAE0890F95912EB244C3E4A06D22E8479D7B
RAW_GRID_T100_S020_GATE90_TRIANGLE_V0_NO_CANDIDATE_B,triangle_v0_no_candidate_b,baseline,pair_side,GBPJPY_LONG,5,4,1,0,80,0.514152,0.514152,0.10283,7.35,0.073459,19.76,12.41,1.591771,0.392995,0.29525,3,1,1,60,20,20,1,1,1,20,20,20,19.76,-12.41,-0.124135,4AB02DFBAF54ADE2615B79FBF4BB7C8AA5BF610EA0175214B4B845E38C721BB5
RAW_GRID_T100_S020_GATE90_TRIANGLE_V0_NO_CANDIDATE_B,triangle_v0_no_candidate_b,baseline,pair_side,GBPJPY_SHORT,11,7,4,0,63.64,-7.942595,-7.942595,-0.722054,-61.59,-0.615909,25.35,86.94,0.2916,0.226598,1.114787,4,0,0,36.36,0,0,2,2,1,18.18,18.18,9.09,25.35,-86.94,-0.869438,9BB52BFA57F2D52D5EAD4A7F0EF3274EF1E7AD72318AD281C5BDF73FB25D0A72
RAW_GRID_T100_S020_GATE90_TRIANGLE_V0_NO_CANDIDATE_B,triangle_v0_no_candidate_b,baseline,pair_side,GBPNZD_LONG,15,14,1,0,93.33,3.094756,3.094756,0.206317,32.63,0.326311,33.47,0.84,39.933961,0.279849,0.174001,11,0,0,73.33,0,0,5,1,0,33.33,6.67,0,29.9,2.73,0.027275,E75117D80DC0159490EC529556F8B60985AE2F8949C3B36E567991E44E47AAC9
RAW_GRID_T100_S020_GATE90_TRIANGLE_V0_NO_CANDIDATE_B,triangle_v0_no_candidate_b,baseline,pair_side,GBPNZD_SHORT,14,7,7,0,50,-4.132717,-4.132717,-0.295194,-43.89,-0.438888,18.35,62.24,0.294859,0.215601,0.693961,5,1,0,35.71,7.14,0,6,3,3,42.86,21.43,21.43,13.4,-57.29,-0.5729,3BD904FB91AB46B66977FADFEA134DD77173693F8606A71B3568AAD8227254BC
RAW_GRID_T100_S020_GATE90_TRIANGLE_V0_NO_CANDIDATE_B,triangle_v0_no_candidate_b,baseline,pair_side,GBPUSD_LONG,6,5,1,0,83.33,1.224075,1.224075,0.204013,9.94,0.099365,10.42,0.48,21.641326,0.322905,0.157013,3,1,0,50,16.67,0,1,1,0,16.67,16.67,0,10.01,-0.07,-0.000743,CE7918170C6D2739504856420C4A59A79FDE50AE1ED868CA007C1A91E21E4233
RAW_GRID_T100_S020_GATE90_TRIANGLE_V0_NO_CANDIDATE_B,triangle_v0_no_candidate_b,baseline,pair_side,GBPUSD_SHORT,18,14,4,0,77.78,-1.909784,-1.909784,-0.106099,-17.21,-0.172121,33.15,50.36,0.658238,0.252217,0.464481,8,0,0,44.44,0,0,3,1,1,16.67,5.56,5.56,26.71,-43.92,-0.439249,D25A71095E6466D2FB9C31849E7998AE04DE6BFC3FD36A394B746B12525C50AA
RAW_GRID_T100_S020_GATE90_TRIANGLE_V0_NO_CANDIDATE_B,triangle_v0_no_candidate_b,baseline,pair_side,NZDCAD_LONG,9,8,1,0,88.89,2.062936,2.062936,0.229215,7,0.069999,7.11,0.11,63.091711,0.253651,0.075382,3,0,0,33.33,0,0,1,1,0,11.11,11.11,0,6.79,0.21,0.002145,CE1C9176FD1744FB6867CFF7C5005AEFD7C65B749E4FE583ECD44C58557846BF
RAW_GRID_T100_S020_GATE90_TRIANGLE_V0_NO_CANDIDATE_B,triangle_v0_no_candidate_b,baseline,pair_side,NZDCAD_SHORT,5,4,1,0,80,0.720548,0.720548,0.14411,2.71,0.027134,3.01,0.3,10.101901,0.193675,0.142065,2,0,0,40,0,0,1,1,0,20,20,0,3.01,-0.3,-0.002981,A6212AABB6F7E6872070AEF07F99ED3C9C15410E53D0A0D25037130F3851BA08
RAW_GRID_T100_S020_GATE90_TRIANGLE_V0_NO_CANDIDATE_B,triangle_v0_no_candidate_b,baseline,pair_side,NZDCHF_LONG,7,7,0,0,100,2.31185,2.31185,0.330264,8.34,0.083441,8.34,0,Infinity,0.338274,0.581211,4,2,0,57.14,28.57,0,4,2,1,57.14,28.57,14.29,8.34,0,0,0237A84B5ACE1AFFBD18FF1F116E99196E6DC6CDF008F7861A6E7D8BD8FB0440
RAW_GRID_T100_S020_GATE90_TRIANGLE_V0_NO_CANDIDATE_B,triangle_v0_no_candidate_b,baseline,pair_side,NZDCHF_SHORT,6,5,1,0,83.33,0.890747,0.890747,0.148458,3.61,0.036092,4.53,0.93,4.898852,0.224218,0.109229,3,0,0,50,0,0,1,0,0,16.67,0,0,4.41,-0.8,-0.008043,288419CE78185FBCB4147E83275F8FC68D84ECE91F6BE6D56C4765B46ECFAE14
RAW_GRID_T100_S020_GATE90_TRIANGLE_V0_NO_CANDIDATE_B,triangle_v0_no_candidate_b,baseline,pair_side,NZDJPY_LONG,9,8,1,0,88.89,1.27858,1.27858,0.142064,5.23,0.052314,7.62,2.38,3.19451,0.209142,0.300221,4,0,0,44.44,0,0,3,2,2,33.33,22.22,22.22,7.55,-2.31,-0.023146,38481B46DBC5A4A3B5ADF77A830E5F141E6DE45E464939798A9F46DC69431674
RAW_GRID_T100_S020_GATE90_TRIANGLE_V0_NO_CANDIDATE_B,triangle_v0_no_candidate_b,baseline,pair_side,NZDJPY_SHORT,4,3,1,0,75,-0.275221,-0.275221,-0.068805,-0.94,-0.009417,4.21,5.15,0.817239,0.274935,0.555755,2,0,0,50,0,0,1,1,1,25,25,25,2.43,-3.37,-0.033725,CB0A5A52D96471CF8FA212BF2EFC766A92C6CAB3CF67BB46E0F76E4FC2EDEA6C
RAW_GRID_T100_S020_GATE90_TRIANGLE_V0_NO_CANDIDATE_B,triangle_v0_no_candidate_b,baseline,pair_side,NZDUSD_LONG,11,9,2,0,81.82,1.904688,1.904688,0.173153,6.3,0.062984,14.55,8.25,1.763252,0.386205,0.544055,10,4,0,90.91,36.36,0,5,3,3,45.45,27.27,27.27,14.55,-8.25,-0.082521,CAF4DA6B59D017D3E86D436C6882E344A17E7D3A02BD65ECC3D69E9144E1B6D1
RAW_GRID_T100_S020_GATE90_TRIANGLE_V0_NO_CANDIDATE_B,triangle_v0_no_candidate_b,baseline,pair_side,NZDUSD_SHORT,8,7,1,0,87.5,2.622499,2.622499,0.327812,11.52,0.115219,12.29,0.77,15.999136,0.353804,0.187431,3,1,1,37.5,12.5,12.5,2,1,0,25,12.5,0,11.77,-0.25,-0.002495,2681FE765D0B2310734688AB37B4363766309F9310D7A5E7925E45CA434F6197
RAW_GRID_T100_S020_GATE90_TRIANGLE_V0_NO_CANDIDATE_B,triangle_v0_no_candidate_b,baseline,pair_side,USDCAD_LONG,7,5,2,0,71.43,2.097676,2.097676,0.299668,9.37,0.093731,11.34,1.96,5.774146,0.369904,0.363979,3,3,2,42.86,42.86,28.57,3,3,1,42.86,42.86,14.29,11.34,-1.96,-0.019633,1EC1D5046282C99982D96A2D68A66723E48A4AA60148C1FA6BD5057772B4F787
RAW_GRID_T100_S020_GATE90_TRIANGLE_V0_NO_CANDIDATE_B,triangle_v0_no_candidate_b,baseline,pair_side,USDCAD_SHORT,25,23,2,0,92,5.55924,5.55924,0.22237,18.88,0.188754,19.43,0.55,35.14716,0.245245,0.220944,9,1,1,36,4,4,4,3,2,16,12,8,18.9,-0.02,-0.000202,65B68A10EDDAE4C756839BDD4ED269B390301092E90AB6262229E2DCBABD1B88
RAW_GRID_T100_S020_GATE90_TRIANGLE_V0_NO_CANDIDATE_B,triangle_v0_no_candidate_b,baseline,pair_side,USDCHF_LONG,8,5,3,0,62.5,0.495232,0.495232,0.061904,0.67,0.006749,5.82,5.15,1.131107,0.241954,0.12536,4,0,0,50,0,0,2,0,0,25,0,0,5.25,-4.57,-0.045736,F688025D5202CCEA86633AC5B14A22D6B3E6C5FDF5DD75FD372D2D139B787EED
RAW_GRID_T100_S020_GATE90_TRIANGLE_V0_NO_CANDIDATE_B,triangle_v0_no_candidate_b,baseline,pair_side,USDCHF_SHORT,5,4,1,0,80,-2.351244,-2.351244,-0.470249,-4.92,-0.049232,8.25,13.17,0.626263,0.355208,1.017695,2,1,1,40,20,20,2,1,1,40,20,20,8.25,-13.17,-0.131729,22FF3276DDB1553BC3137CCB3EA3921C0D70E1D9CF59A289C31C73BCB6545B51
RAW_GRID_T100_S020_GATE90_TRIANGLE_V0_NO_CANDIDATE_B,triangle_v0_no_candidate_b,baseline,pair_side,USDJPY_LONG,14,12,2,0,85.71,4.081072,4.081072,0.291505,17.14,0.1714,18.1,0.96,18.845033,0.327596,0.061959,8,1,0,57.14,7.14,0,1,0,0,7.14,0,0,13.83,3.31,0.033086,AA5B93FE0016BCA5194898FE620CC54FDBE2590A7957108C618885303C0220D5
RAW_GRID_T100_S020_GATE90_TRIANGLE_V0_NO_CANDIDATE_B,triangle_v0_no_candidate_b,baseline,pair_side,USDJPY_SHORT,5,5,0,0,100,0.82621,0.82621,0.165242,2.84,0.028394,2.84,0,Infinity,0.215819,0.631977,1,0,0,20,0,0,4,2,1,80,40,20,2.56,0.28,0.002757,67C94ED061F77F7B4D24C6E2C6FA3942E5CCE960EB63185D1FD1ADA1E0B8C66E
RAW_GRID_T100_S020_GATE90_TRIANGLE_V0_NO_CANDIDATE_B,triangle_v0_no_candidate_b,baseline,strategy_class,strict_katarakti,454,360,94,0,79.3,25.29494,25.29494,0.055716,117.43,1.174326,628.72,511.29,1.229681,0.277514,0.40706,213,37,12,46.92,8.15,2.64,131,80,52,28.85,17.62,11.45,579.01,-461.57,-4.61573,AC61038B4FE4184E72174EFF25E85386100050ADB1585BF2731255EB9E01973E
